{
 "acc_perclass": [],
 "recall_perclass": [],
 "acc": 0.09202108543446691,
 "epoch": 1,
 "conf_m": [
  [
   0.09551092895688916,
   0.11110894770989577,
   0.07953585433436862,
   0.08859259029051181,
   0.08738681654294247,
   0.08392900453599708,
   0.08429164466472029,
   0.09844968068666105,
   0.07703210226339299,
   0.09863530675151859,
   0.09552712326310216
  ],
  [
   0.09958367002644528,
   0.1137144418006168,
   0.08170281664254138,
   0.08633479183399628,
   0.08540245784446307,
   0.08614618267468262,
   0.08482856261312227,
   0.09267292737889743,
   0.07914777947968957,
   0.09365197298265318,
   0.09681439672289213
  ],
  [
   0.09700986124947662,
   0.1066112242098728,
   0.08565987913672758,
   0.08857638337432161,
   0.08680209641789752,
   0.08913786658837987,
   0.09142871810173755,
   0.09364577467839044,
   0.07918357132200421,
   0.0926848362634736,
   0.08925978865771823
  ],
  [
   0.09570994098684656,
   0.10057075601388263,
   0.08799489761357343,
   0.09247761604392714,
   0.08903579639864362,
   0.09058006024840513,
   0.09166284801224095,
   0.09052268081494734,
   0.08063807723112357,
   0.09167046871824706,
   0.08913685791816259
  ],
  [
   0.09515989856190589,
   0.09823994713690452,
   0.08952702643330515,
   0.09259336715774748,
   0.09339299177353225,
   0.09304361732602014,
   0.08806274680721314,
   0.0859612278719265,
   0.0833627114831367,
   0.09002648427024149,
   0.09062998117806674
  ],
  [
   0.09633613231708958,
   0.10314975671186921,
   0.0878911817903788,
   0.08949931909160756,
   0.08745951278807257,
   0.09019530833199012,
   0.08945958997606848,
   0.09428205596389158,
   0.08127036522570516,
   0.09282570009998764,
   0.08763107770333929
  ],
  [
   0.09580310246968847,
   0.11111245545190689,
   0.08180448176334494,
   0.08638733953612177,
   0.08683903804350018,
   0.08565870682481491,
   0.0886606198217673,
   0.09574798449706194,
   0.07933358338072134,
   0.09407428020632942,
   0.09457840800474283
  ],
  [
   0.10081094885914399,
   0.1064449093542496,
   0.08817162168780918,
   0.09030149945073783,
   0.0853294523471337,
   0.08946746058956472,
   0.08857744596589677,
   0.09329060516796227,
   0.07843603719589418,
   0.08920857268802608,
   0.08996144669358168
  ],
  [
   0.0951940077588587,
   0.10439861317995192,
   0.08591493751003057,
   0.09043820534926289,
   0.08800989925204517,
   0.08768300672307176,
   0.08862658630917097,
   0.0928471559677914,
   0.08192770890005234,
   0.09216030530041719,
   0.0927995737493471
  ],
  [
   0.09513425509083957,
   0.10071413594484256,
   0.08824204151608964,
   0.09115038790285777,
   0.08821490681697645,
   0.09129099498008067,
   0.09396006265648704,
   0.09322742578043094,
   0.0812807577981425,
   0.08964564549749005,
   0.0871393860157628
  ],
  [
   0.09589278087442625,
   0.10685149242837912,
   0.08276611503673628,
   0.08983224034557516,
   0.08757237777549509,
   0.08839955235258182,
   0.09245432969124222,
   0.09445468651164803,
   0.08228494812588191,
   0.0917352825098531,
   0.08775619434818102
  ]
 ],
 "f1score_perclass": [],
 "mIoU_perclass": [
  0.06560622492074754,
  0.08581327033766122,
  0.009308851428318393,
  0.07838619172395944,
  0.033531421755451846,
  0.050656714066290257,
  0.01091318383628917,
  0.010570204375254385,
  0.03680630173604741,
  0.005996097858772187,
  0.002802424255817551
 ],
 "precision_perclass": [],
 "f1score": 0,
 "precision": 0,
 "recall": 0,
 "mIoU": 0.03549008057223722,
 "loss": 2.3973994099151863
}