{
 "precision": 0, 
 "conf_m": [
  [
   0.9558845568755735, 
   0.011783463965843306, 
   4.315361366582272e-05, 
   7.488696514676394e-07, 
   0.00013470292855774163, 
   0.03162785446879072, 
   0.0004933178829043075, 
   1.310521890068369e-06, 
   3.0142003471572487e-05, 
   1.8721741286690986e-07, 
   5.616522386007296e-07
  ], 
  [
   0.007589450876839371, 
   0.9569042986142651, 
   4.4677726810819116e-05, 
   0.00010101640811550908, 
   0.0064907448970273314, 
   0.01317911585422695, 
   0.003683370102627925, 
   0.002821747598775573, 
   0.005611902146422402, 
   0.0035297438067958824, 
   4.393196809318784e-05
  ], 
  [
   0.13438539245270306, 
   0.4504747741634301, 
   0.0022587667582686425, 
   0.02627260170466304, 
   0.07910496367203605, 
   0.18204729613747675, 
   0.0598781741849269, 
   0.019334273416657444, 
   0.02453842069210025, 
   0.018907546173973167, 
   0.0027977906437645686
  ], 
  [
   6.265913827248058e-05, 
   0.0001646172114392276, 
   1.673566809185491e-05, 
   0.9817429301764019, 
   0.011617542167906567, 
   0.0004622232139655166, 
   1.583911444407697e-05, 
   0.00011082399257255111, 
   0.005303861954646339, 
   0.0002468511043548599, 
   0.0002559162579046147
  ], 
  [
   0.0012171868327308323, 
   0.028410398986322024, 
   8.9979736985011e-05, 
   0.08935093327615871, 
   0.852253271870612, 
   0.008332615721498654, 
   0.00012161323826880391, 
   0.0035376798935708425, 
   0.010698801617526366, 
   0.004974543818550237, 
   0.001012975007776569
  ], 
  [
   0.04879124571371491, 
   0.04212064613487597, 
   0.00020902379563213238, 
   0.001369924767649538, 
   0.004480146955565984, 
   0.8862636501943808, 
   0.006123959380952273, 
   0.006893406945168307, 
   0.003519837477107111, 
   0.00013556547179865218, 
   9.259316315434259e-05
  ], 
  [
   0.006596680284838928, 
   0.3945277263567423, 
   0.0017570534200702015, 
   0.0009854018032987434, 
   0.0023485633702086013, 
   0.08318646410139556, 
   0.4720760251606823, 
   0.012962133952805571, 
   0.01405911604215315, 
   0.009962909637444731, 
   0.0015379258703598396
  ], 
  [
   5.1777580307726754e-05, 
   0.16735213652488473, 
   6.29727328066947e-05, 
   0.0004631994346447988, 
   0.03439850544714139, 
   0.12477697157130963, 
   0.010801922767441697, 
   0.6083389892176687, 
   0.05010950258538053, 
   0.0035166772787383065, 
   0.0001273448596757604
  ], 
  [
   0.0003508180512420169, 
   0.03210133023215553, 
   4.865752281594257e-05, 
   0.02986550361745832, 
   0.00268449736375692, 
   0.00501011189348465, 
   0.0026836908854782028, 
   0.008993576938162202, 
   0.9131973987311947, 
   0.004256592355069804, 
   0.000807822409181809
  ], 
  [
   0.0011199230361261516, 
   0.3802977416529965, 
   0.0006808342686581892, 
   0.03485822119713359, 
   0.05949159441025198, 
   0.014277785315194198, 
   0.03959199279697078, 
   0.022280054762756393, 
   0.09576575354292832, 
   0.32528830617807764, 
   0.026347792838906224
  ], 
  [
   0.004719760822200717, 
   0.08285802332307925, 
   0.000762298139668157, 
   0.1442041012721188, 
   0.025588348191839624, 
   0.010428887315034574, 
   0.06220569074483556, 
   0.013245605972957339, 
   0.16451042618413014, 
   0.2373612590353955, 
   0.2541155989987403
  ]
 ], 
 "precision_perclass": [], 
 "mIoU_perclass": [
  0.91241962096425, 
  0.8711196150892452, 
  0.0022409676905936655, 
  0.9609932591198466, 
  0.7308676218324703, 
  0.7782231308697328, 
  0.37984750197680617, 
  0.4953119712508588, 
  0.8300672120980799, 
  0.2359638825861958, 
  0.22289296604181585
 ], 
 "f1score": 0, 
 "mIoU": 0.5836316135927178, 
 "acc": 0.6553021629796242, 
 "loss": 0.23030036527470607, 
 "recall": 0, 
 "f1score_perclass": [], 
 "epoch": 18, 
 "acc_perclass": [], 
 "recall_perclass": []
}