{
 "precision": 0, 
 "conf_m": [
  [
   0.9604825229268784, 
   0.009794091736719522, 
   0.0002474078111036214, 
   1.1233044772014591e-05, 
   5.0080657941898386e-05, 
   0.02893098763644288, 
   0.0004265748752172541, 
   0.0, 
   5.60716151536395e-05, 
   1.8721741286690986e-07, 
   8.424783579010943e-07
  ], 
  [
   0.006439694322993118, 
   0.962826368590975, 
   0.0006896234250677572, 
   7.389790929255362e-05, 
   0.005067227097563342, 
   0.010387469789144859, 
   0.0042215367117694755, 
   0.0018928034215952335, 
   0.004362213924413557, 
   0.003927504388281581, 
   0.00011166041890351909
  ], 
  [
   0.13439341364147533, 
   0.41902208874964103, 
   0.0289163855240002, 
   0.01709154903593332, 
   0.08598553940088137, 
   0.17786344407386553, 
   0.06766674848279214, 
   0.022231526801198043, 
   0.0201572473846914, 
   0.02172298343303671, 
   0.004949073472484916
  ], 
  [
   6.619554432760469e-05, 
   6.0367945617048064e-05, 
   0.00010913050234897056, 
   0.9847641167352696, 
   0.00911999274787716, 
   0.0004912117819103367, 
   2.3210777770251154e-05, 
   0.00011924163515446623, 
   0.004476890831643164, 
   0.00026019979199955374, 
   0.0005094417060818215
  ], 
  [
   0.0006330215090234562, 
   0.020935402632961758, 
   0.0015781602307136694, 
   0.063001281156802, 
   0.8877088030761823, 
   0.006010013760573058, 
   4.39354184497124e-05, 
   0.004734480692141008, 
   0.007554080106569751, 
   0.006377313858812654, 
   0.0014235075577706817
  ], 
  [
   0.046196691229530185, 
   0.030215208564883807, 
   0.0013621411041969838, 
   0.0014104646814649244, 
   0.0031254651955110314, 
   0.9027432873199907, 
   0.005726181746595701, 
   0.006041257956768884, 
   0.00277276794531717, 
   0.00013572763145391374, 
   0.0002708066242867813
  ], 
  [
   0.006147670459052052, 
   0.2881446618243511, 
   0.00946147052062286, 
   0.0010432084575168143, 
   0.0016965580842605923, 
   0.07232822349396861, 
   0.5924886302377198, 
   0.008806776553083312, 
   0.012483548629511777, 
   0.005306113120900601, 
   0.002093138619012474
  ], 
  [
   1.3993940623709934e-05, 
   0.09298133908017828, 
   0.001263652838321007, 
   0.00030646729965924755, 
   0.02370993359875174, 
   0.06816168598996634, 
   0.005496819876993262, 
   0.7715950993219935, 
   0.032555503466998786, 
   0.0037671688159027143, 
   0.0001483357706113253
  ], 
  [
   0.00036157109495824725, 
   0.020442880235018522, 
   0.0001016162631183773, 
   0.025279061646393146, 
   0.0019320531297136974, 
   0.004734027496070435, 
   0.0025608373610202704, 
   0.006734362453382195, 
   0.9330437538660552, 
   0.003729424386881609, 
   0.0010804120673882497
  ], 
  [
   0.00015787461302218877, 
   0.29734943325480717, 
   0.008034337728332326, 
   0.025230336593608543, 
   0.0653477558370438, 
   0.010629401679884555, 
   0.021786696597062054, 
   0.017089926859651935, 
   0.07719575218619337, 
   0.44753752605547814, 
   0.029640958594915945
  ], 
  [
   0.002167954283737099, 
   0.05069552947282488, 
   0.007558104959263004, 
   0.11230651954132359, 
   0.020403639568139183, 
   0.008071710088826655, 
   0.03444938826925884, 
   0.009325987878918942, 
   0.07189931176912638, 
   0.17961041699330152, 
   0.5035114371752799
  ]
 ], 
 "precision_perclass": [], 
 "mIoU_perclass": [
  0.9197446847570091, 
  0.8960242603119102, 
  0.027137133987434867, 
  0.9690371630405892, 
  0.7814395018801092, 
  0.8076553850796375, 
  0.48039676267814807, 
  0.6488738987885792, 
  0.8670517112165875, 
  0.3270109120797119, 
  0.41697484710370086
 ], 
 "f1score": 0, 
 "mIoU": 0.6492132964475834, 
 "acc": 0.7250561755299839, 
 "loss": 0.1837865617075473, 
 "recall": 0, 
 "f1score_perclass": [], 
 "epoch": 30, 
 "acc_perclass": [], 
 "recall_perclass": []
}