{
 "precision": 0, 
 "conf_m": [
  [
   0.9572837262106344, 
   0.011434958751791553, 
   7.030013853152465e-05, 
   2.246608954402918e-06, 
   8.817940146031455e-05, 
   0.030595350436829708, 
   0.0004981855356388471, 
   3.744348257338197e-07, 
   2.527435073703283e-05, 
   2.808261193003648e-07, 
   1.123304477201459e-06
  ], 
  [
   0.007449926200395265, 
   0.9589606943800097, 
   0.00011505023125638853, 
   9.19995072568764e-05, 
   0.005906341247392641, 
   0.012068342142438696, 
   0.004098622115854431, 
   0.002469410502818324, 
   0.005284920846864617, 
   0.003482964396326284, 
   7.172842938671718e-05
  ], 
  [
   0.1357891004878487, 
   0.44236214383916556, 
   0.0038084604290694298, 
   0.02444858337785093, 
   0.08032578860317414, 
   0.18065321352885783, 
   0.0643652271841296, 
   0.0208615077588959, 
   0.025794538853836296, 
   0.019655120967547873, 
   0.0019363149696237582
  ], 
  [
   8.422623435513884e-05, 
   0.0001470347982355824, 
   2.8540291120931142e-05, 
   0.9823751499236933, 
   0.011018146245831025, 
   0.00045554887014316966, 
   1.2402325460928193e-05, 
   0.00014314973242854467, 
   0.0051499535784444595, 
   0.00022623037045596726, 
   0.0003596176298309299
  ], 
  [
   0.0014224531077278886, 
   0.0269014809750851, 
   0.0001356725721727119, 
   0.081942718758842, 
   0.8606765702957908, 
   0.00847988724414209, 
   0.00010579648762690746, 
   0.004086345399170851, 
   0.009857350483377474, 
   0.0050480038381981555, 
   0.001343720837866004
  ], 
  [
   0.04963025977003815, 
   0.03720347890838012, 
   0.0003403731163939844, 
   0.0015303006667032066, 
   0.003697402299618503, 
   0.8910862783418592, 
   0.006055852325742424, 
   0.007009513258335574, 
   0.0032130314093522664, 
   0.00014675448801169884, 
   8.675541556492694e-05
  ], 
  [
   0.007865737996044949, 
   0.3639224638002632, 
   0.003346064240669267, 
   0.0009235621266933653, 
   0.002363351118962061, 
   0.08718991099119591, 
   0.4962069424447375, 
   0.013524068405437052, 
   0.014477206029637337, 
   0.008657554724752943, 
   0.0015231381216063797
  ], 
  [
   8.116485561751762e-05, 
   0.13670120837677285, 
   0.00014133880029947032, 
   0.0005597576249483973, 
   0.031048356061825228, 
   0.10255739264898299, 
   0.006676509071572009, 
   0.6736025301044648, 
   0.04482958878805477, 
   0.003644022138414067, 
   0.00015813152904792225
  ], 
  [
   0.00035431279044979174, 
   0.027506554652210274, 
   6.290530573994785e-05, 
   0.027733981526808546, 
   0.0023175497469405575, 
   0.00483322432435266, 
   0.0027022398858887, 
   0.009842260913465687, 
   0.920185264190187, 
   0.0036606049070977346, 
   0.000801101756859165
  ], 
  [
   0.0007203029219137364, 
   0.37005562613318205, 
   0.0009028454432206421, 
   0.03048706784908174, 
   0.06200772105529312, 
   0.012797710818111178, 
   0.02970509515645621, 
   0.02025975307423807, 
   0.09302761572332474, 
   0.34540991896592127, 
   0.034626342859257246
  ], 
  [
   0.004471067812096212, 
   0.07277514367427704, 
   0.0013299669670806143, 
   0.13282369287494525, 
   0.022247211664783446, 
   0.011726416063405905, 
   0.04974941476047079, 
   0.015354090189060752, 
   0.13591073002211204, 
   0.21536814675050145, 
   0.3382441192212665
  ]
 ], 
 "precision_perclass": [], 
 "mIoU_perclass": [
  0.9132836612654321, 
  0.8790423467999612, 
  0.0037546003343397263, 
  0.9631676670694063, 
  0.7445009890405911, 
  0.7871559793358407, 
  0.39958861992811673, 
  0.5473167037720102, 
  0.8408012796579195, 
  0.25397954001305956, 
  0.28820047446852615
 ], 
 "f1score": 0, 
 "mIoU": 0.6018901692441094, 
 "acc": 0.6752581504097849, 
 "loss": 0.21700576049268083, 
 "recall": 0, 
 "f1score_perclass": [], 
 "epoch": 20, 
 "acc_perclass": [], 
 "recall_perclass": []
}