{
 "precision": 0, 
 "conf_m": [
  [
   0.9618143876020135, 
   0.009310602767990728, 
   0.0004138440911423042, 
   3.837956963771652e-06, 
   7.956740046843669e-06, 
   0.02793040417337568, 
   0.00044080339859513924, 
   9.360870643345493e-08, 
   7.51677912660643e-05, 
   9.360870643345493e-08, 
   2.8082611930036478e-06
  ], 
  [
   0.006412033454193703, 
   0.9635855509655237, 
   0.0011634513957518465, 
   6.725387708092953e-05, 
   0.004659975041489608, 
   0.009963268671306777, 
   0.004052249482867177, 
   0.0019454811055588245, 
   0.004085469643925297, 
   0.003936656881634329, 
   0.00012860948066786626
  ], 
  [
   0.12809678045525058, 
   0.39833865138148933, 
   0.0689324920710549, 
   0.014765404291977688, 
   0.0824497993900688, 
   0.17489560422812903, 
   0.06407967286383712, 
   0.02069787550794178, 
   0.020033721077598585, 
   0.02180319532075932, 
   0.005906803411892856
  ], 
  [
   6.241009559254227e-05, 
   4.522615067679839e-05, 
   0.0001876287550655281, 
   0.98536047433665, 
   0.008561140974095577, 
   0.00047801251987360585, 
   3.0532632560437676e-05, 
   8.507297946692913e-05, 
   0.004401580325229817, 
   0.000225234199736214, 
   0.0005626870310526336
  ], 
  [
   0.00036765158158719337, 
   0.019073595340736743, 
   0.003658238681796853, 
   0.05763131857220435, 
   0.8948516476660627, 
   0.0060722263130978515, 
   3.444536806457452e-05, 
   0.004236780271942666, 
   0.006204032568446988, 
   0.006456046128674539, 
   0.0014140175073855438
  ], 
  [
   0.04640214751274656, 
   0.027966540625371954, 
   0.002204074034314929, 
   0.0015127874239349596, 
   0.0023344503971452117, 
   0.9055642166829204, 
   0.005644777599654405, 
   0.0051678660535301995, 
   0.002861793596055758, 
   9.534987729378887e-05, 
   0.0002459961970317648
  ], 
  [
   0.005431136814907127, 
   0.2612081052995259, 
   0.01593716013384257, 
   0.0011117698381010379, 
   0.001347029477360629, 
   0.06481604712721094, 
   0.6270798632536543, 
   0.005417693406949435, 
   0.0115909063411211, 
   0.004500852984234915, 
   0.0015594353230921451
  ], 
  [
   6.996970311854967e-06, 
   0.08078701922067745, 
   0.0024307474863384153, 
   0.00046739761683191176, 
   0.02458455488773361, 
   0.0560499303801454, 
   0.004094627026497526, 
   0.7941197461499171, 
   0.03210349918485296, 
   0.005200148335770612, 
   0.00015533274092318025
  ], 
  [
   0.0003449038771980901, 
   0.01925574420874669, 
   0.00014220900314714706, 
   0.023943264790744424, 
   0.001959473391190085, 
   0.004833493150445566, 
   0.0024887919681215267, 
   0.0050679095034593885, 
   0.9376887999253739, 
   0.0030839729378148795, 
   0.0011914372437583285
  ], 
  [
   7.15369340256793e-05, 
   0.2701407304167643, 
   0.01407797525808799, 
   0.024115347139139338, 
   0.0643536391331697, 
   0.010626934889056083, 
   0.013762226032043613, 
   0.020205483676011694, 
   0.07303427605856161, 
   0.4739519222467531, 
   0.03565992821638689
  ], 
  [
   0.002167954283737099, 
   0.042542723837225016, 
   0.008736693572366963, 
   0.08796704276979136, 
   0.018852011439878465, 
   0.00929895602999454, 
   0.024534106083787918, 
   0.006179480664118464, 
   0.0675309649829429, 
   0.17540426130066444, 
   0.5567858050354928
  ]
 ], 
 "precision_perclass": [], 
 "mIoU_perclass": [
  0.9213943681700292, 
  0.9014645840769976, 
  0.06190231969827499, 
  0.9708626810071078, 
  0.7938635071722547, 
  0.8140210056056152, 
  0.5147957466298057, 
  0.6803910119526498, 
  0.8740410032277068, 
  0.34838196122944476, 
  0.4525468862601726
 ], 
 "f1score": 0, 
 "mIoU": 0.6666968250027328, 
 "acc": 0.742703173266856, 
 "loss": 0.1719708030419145, 
 "recall": 0, 
 "f1score_perclass": [], 
 "epoch": 36, 
 "acc_perclass": [], 
 "recall_perclass": []
}