{
 "precision": 0, 
 "conf_m": [
  [
   0.9496946811626613, 
   0.016199548300547977, 
   2.1530002479694632e-06, 
   2.808261193003648e-07, 
   0.000112143230307279, 
   0.033964702216195485, 
   3.4635221380378323e-06, 
   1.4041305965018239e-06, 
   2.0032263176759354e-05, 
   1.310521890068369e-06, 
   2.808261193003648e-07
  ], 
  [
   0.010717434123573169, 
   0.9497089473215703, 
   3.050831117582489e-06, 
   0.00017911768472562078, 
   0.007624230351579812, 
   0.019949045696636608, 
   0.00030176109565243687, 
   7.064368943379896e-05, 
   0.010465774454496143, 
   0.0009523338824151382, 
   2.7660868799414565e-05
  ], 
  [
   0.13108226691628605, 
   0.5211061540164499, 
   0.00011390088056610342, 
   0.027809461473428207, 
   0.07382220874662508, 
   0.18401730009994402, 
   0.003404192514947485, 
   0.0012208249311380945, 
   0.04920838888006558, 
   0.007466122509220356, 
   0.0007491790313291591
  ], 
  [
   4.427978849303278e-05, 
   0.0004312423045811899, 
   4.4827682388897077e-07, 
   0.9739809173536924, 
   0.017818505664226714, 
   0.00039483226477420795, 
   1.643681687592893e-06, 
   4.183917022963728e-06, 
   0.007238425492407187, 
   5.986986025717143e-05, 
   2.565139603364666e-05
  ], 
  [
   0.0018308767576364151, 
   0.036132488133043476, 
   1.757416737988496e-05, 
   0.15555668811300893, 
   0.7720405541486458, 
   0.011061532432247192, 
   7.205408625752834e-05, 
   6.361848591518355e-05, 
   0.02125560396262326, 
   0.0015539078797294282, 
   0.00041510183351288276
  ], 
  [
   0.055096499589249594, 
   0.07869932389153335, 
   2.2053713115570213e-05, 
   0.000709610651424524, 
   0.008640677230611462, 
   0.8480390519368187, 
   0.00027096878394204286, 
   0.00022978023150561024, 
   0.008143820046890085, 
   0.00013507899283286755, 
   1.31349320761852e-05
  ], 
  [
   0.00798269564527686, 
   0.7500171403451461, 
   0.00039254751236457447, 
   0.0012394822136991017, 
   0.0047549333946352735, 
   0.115099770252158, 
   0.013752606340717797, 
   0.0019640819026186416, 
   0.0944103654052717, 
   0.010147084326465097, 
   0.00023929266164689813
  ], 
  [
   0.00022530244404172993, 
   0.5025364017380475, 
   5.037818624535576e-05, 
   0.001880785619826615, 
   0.060397847731932075, 
   0.30408832975321687, 
   0.004566222825516551, 
   0.004496253122398002, 
   0.11731260364262275, 
   0.004396896143969661, 
   4.897879218298477e-05
  ], 
  [
   0.00021237261339555045, 
   0.04733301665619589, 
   7.527130601361281e-06, 
   0.03776818427060895, 
   0.0032901625510735975, 
   0.010890413849705245, 
   0.0003255483985088754, 
   0.0002166738308820426, 
   0.898901764762652, 
   0.0009519131949792964, 
   0.00010242274139709459
  ], 
  [
   0.00039221974172700026, 
   0.5775892053233346, 
   0.0001036052147958114, 
   0.04397301330833652, 
   0.05305327034794085, 
   0.030368661889315095, 
   0.016406625800165275, 
   0.0030464866731625493, 
   0.17573911220198082, 
   0.09545740468936936, 
   0.003870394809872097
  ], 
  [
   0.002011169559975563, 
   0.2038147345202117, 
   0.00015678472376153585, 
   0.17616115307054772, 
   0.03694172474008877, 
   0.02702103618483297, 
   0.008439343234198532, 
   0.004119653776078976, 
   0.46161747771224054, 
   0.06853654976293068, 
   0.01118037271513297
  ]
 ], 
 "precision_perclass": [], 
 "mIoU_perclass": [
  0.8997433895198098, 
  0.8139769486694086, 
  0.00011377494034827952, 
  0.9429772719524162, 
  0.6270294048715708, 
  0.7126140462087794, 
  0.013371430363995691, 
  0.00444792686185124, 
  0.7477466215815812, 
  0.08459026284035465, 
  0.010896540822509682
 ], 
 "f1score": 0, 
 "mIoU": 0.44159160169387496, 
 "acc": 0.5015787685849296, 
 "loss": 0.33095939648248845, 
 "recall": 0, 
 "f1score_perclass": [], 
 "epoch": 8, 
 "acc_perclass": [], 
 "recall_perclass": []
}