{
 "precision": 0, 
 "conf_m": [
  [
   0.9615061341317283, 
   0.009490705919168695, 
   0.0005269234085139178, 
   1.4041305965018239e-06, 
   3.688183033478124e-05, 
   0.027984416396987784, 
   0.00036909912946711277, 
   2.808261193003648e-07, 
   8.284370519360762e-05, 
   9.360870643345493e-08, 
   1.216913183634914e-06
  ], 
  [
   0.006365186247477048, 
   0.963511585259984, 
   0.001224264629362324, 
   5.484716386942741e-05, 
   0.00465292423179564, 
   0.010092827299433447, 
   0.00420377409504044, 
   0.0017883294048797976, 
   0.0041238423197597785, 
   0.003865199637235841, 
   0.00011721971116222496
  ], 
  [
   0.12915076465992567, 
   0.40339841725903147, 
   0.06551546565407179, 
   0.016871768463573376, 
   0.08048781661637382, 
   0.1745747566772386, 
   0.06556038431119646, 
   0.019339086129920798, 
   0.019780251512395142, 
   0.019894152392961245, 
   0.00542713632331166
  ], 
  [
   9.184694036125135e-05, 
   4.811504576408287e-05, 
   0.00017502719546064926, 
   0.9854967504911122, 
   0.008408477811293388, 
   0.0004123648694418655, 
   2.052111682691733e-05, 
   0.0001013105621989074, 
   0.004425837082255808, 
   0.00024460972023541505, 
   0.0005751391650495496
  ], 
  [
   0.00046501246887175604, 
   0.018083818233901622, 
   0.003490229641645153, 
   0.05958240263471917, 
   0.8945704609879845, 
   0.005227963312168178, 
   0.00010579648762690746, 
   0.00426068113957931, 
   0.00653688729862201, 
   0.006103859814381644, 
   0.0015728879804997038
  ], 
  [
   0.04499962865438945, 
   0.02736379318676479, 
   0.002284829542635179, 
   0.001254629252758579, 
   0.002757362778067323, 
   0.907498943529846, 
   0.005098299561422996, 
   0.005456348080240489, 
   0.002974981035428317, 
   0.0001245386152408671, 
   0.0001866457632060391
  ], 
  [
   0.005847882461595544, 
   0.2642543815427386, 
   0.015985556402490258, 
   0.001024387686376047, 
   0.0017046241290352069, 
   0.06596814718918505, 
   0.6220063210904218, 
   0.006659864302240075, 
   0.010281518406042005, 
   0.004472621827523764, 
   0.001794694962351736
  ], 
  [
   8.39636437422596e-06, 
   0.08601655483175785, 
   0.0017366480314024027, 
   0.00023369880841595588, 
   0.023816287547491936, 
   0.05871857485708688, 
   0.004981842862040737, 
   0.7905820779602433, 
   0.029405467432601685, 
   0.004388499779595435, 
   0.00011195152498967947
  ], 
  [
   0.00039060431299206934, 
   0.018877505896028282, 
   0.00013468187254578578, 
   0.02377040961300602, 
   0.0018344692579889065, 
   0.004765748975033314, 
   0.0021938897442039078, 
   0.005164686896905462, 
   0.9387533512532806, 
   0.00311246850366289, 
   0.0010021836743526736
  ], 
  [
   3.20682807701321e-05, 
   0.27428740579942523, 
   0.013093725717527782, 
   0.02082464817395809, 
   0.0648420637172071, 
   0.01159638368464546, 
   0.016542299295731217, 
   0.018917818863549464, 
   0.06456331635358979, 
   0.47941093035016097, 
   0.03588933976343476
  ], 
  [
   0.0029410651629750172, 
   0.04446739148064249, 
   0.009428708904831672, 
   0.09907713267772089, 
   0.02246346645617867, 
   0.009196235004081808, 
   0.026647996669676214, 
   0.004719760822200717, 
   0.06589824130790897, 
   0.1695221309747144, 
   0.5456378705390691
  ]
 ], 
 "precision_perclass": [], 
 "mIoU_perclass": [
  0.9216947478036771, 
  0.9010961363855398, 
  0.05873959913988393, 
  0.9707630830658739, 
  0.7939500020900572, 
  0.8155872916957532, 
  0.5105861502741165, 
  0.677764674407919, 
  0.8759147504617177, 
  0.35513786430475786, 
  0.44468776023652057
 ], 
 "f1score": 0, 
 "mIoU": 0.665992914533256, 
 "acc": 0.7413172628407184, 
 "loss": 0.17230525636685154, 
 "recall": 0, 
 "f1score_perclass": [], 
 "epoch": 35, 
 "acc_perclass": [], 
 "recall_perclass": []
}