{
 "precision": 0, 
 "conf_m": [
  [
   0.9589015654839238, 
   0.010550824519527572, 
   0.0001293672322910347, 
   9.454479349778947e-06, 
   4.7834048987495467e-05, 
   0.029817742912487, 
   0.0004976238834002464, 
   5.616522386007296e-07, 
   4.3996092023723816e-05, 
   1.8721741286690986e-07, 
   8.424783579010943e-07
  ], 
  [
   0.006780912834432954, 
   0.9615999344817069, 
   0.0002991170420171987, 
   6.56267671515522e-05, 
   0.005464648697813754, 
   0.011410989730970255, 
   0.003990419305550838, 
   0.0019570064675585807, 
   0.004566009443068068, 
   0.003795572891507903, 
   6.976233822205292e-05
  ], 
  [
   0.13558215381752436, 
   0.4346281136249517, 
   0.011858525480910372, 
   0.02071873059874966, 
   0.0825877638369517, 
   0.1808922449542712, 
   0.06702665761876574, 
   0.01923641491363586, 
   0.021824050411567195, 
   0.021599457125943893, 
   0.0040458876167283496
  ], 
  [
   0.00010664007554958739, 
   9.657875128007938e-05, 
   6.913424795087682e-05, 
   0.9840227664856293, 
   0.009637304202645032, 
   0.0004620737883575536, 
   2.037169121895434e-05, 
   0.00011749833639489801, 
   0.004730366471284383, 
   0.00027075920162893835, 
   0.0004665067480604556
  ], 
  [
   0.0011461871965160971, 
   0.022587022883323347, 
   0.0005423388053432498, 
   0.07020176901568846, 
   0.877990991481801, 
   0.007330536697497615, 
   5.8697719048815767e-05, 
   0.004636768321508848, 
   0.008251071584855989, 
   0.005765732833992658, 
   0.0014888834604238539
  ], 
  [
   0.047791855758338005, 
   0.03330175544313207, 
   0.0008203656959681596, 
   0.0014514910742460954, 
   0.0030406556958092433, 
   0.8972324535955822, 
   0.005905530325314971, 
   0.00710356585838727, 
   0.0031058438772243843, 
   9.680931419114278e-05, 
   0.00014967336180640668
  ], 
  [
   0.006639699190303538, 
   0.31404338725484265, 
   0.005377363183076363, 
   0.0011077368157137307, 
   0.0019304733827244143, 
   0.07569714152816595, 
   0.5637573787505428, 
   0.009050102237117517, 
   0.013509280656683591, 
   0.00718550155338579, 
   0.0017019354474436688
  ], 
  [
   2.938727530979086e-05, 
   0.10998957451423534, 
   0.0003456503334056354, 
   0.00028407699466131167, 
   0.027927707302737914, 
   0.07403354347567503, 
   0.005717924138847879, 
   0.7388660709912608, 
   0.038682050672059, 
   0.00395888580244754, 
   0.00016512849935977722
  ], 
  [
   0.00040135735670829975, 
   0.02361153339209872, 
   0.00010591748060486946, 
   0.025908114703792624, 
   0.002193620918111002, 
   0.004668702755494335, 
   0.0021739966133288817, 
   0.007647833517075968, 
   0.9287363533794263, 
   0.003579688253133101, 
   0.0009728816302259456
  ], 
  [
   0.0006956350136290194, 
   0.31850463139978047, 
   0.004393354465508097, 
   0.024796181407797525, 
   0.06348039517989072, 
   0.013170196233210404, 
   0.026389728282990244, 
   0.018676073362359238, 
   0.085116617536416, 
   0.4081650776422413, 
   0.03661210947617697
  ], 
  [
   0.004146685625003379, 
   0.06325993285288727, 
   0.004422410484032287, 
   0.11486373244957208, 
   0.02089561921856331, 
   0.009807154789773311, 
   0.040223391199511266, 
   0.008190650224094027, 
   0.08697767709915823, 
   0.19704595954954127, 
   0.45016678650786357
  ]
 ], 
 "precision_perclass": [], 
 "mIoU_perclass": [
  0.9166702311943721, 
  0.8894742694043754, 
  0.011471616594736278, 
  0.9670976141122255, 
  0.7688225341951592, 
  0.7983883663396696, 
  0.45725314026517794, 
  0.6145979079994692, 
  0.8578664043824182, 
  0.29802056879378974, 
  0.37356267693149753
 ], 
 "f1score": 0, 
 "mIoU": 0.6321113936557174, 
 "acc": 0.7073907185709898, 
 "loss": 0.1962617933648646, 
 "recall": 0, 
 "f1score_perclass": [], 
 "epoch": 26, 
 "acc_perclass": [], 
 "recall_perclass": []
}