{
 "precision": 0, 
 "conf_m": [
  [
   0.9402524645534251, 
   0.021976047965850048, 
   2.7146524865701928e-06, 
   2.808261193003648e-07, 
   4.4838570381624913e-05, 
   0.0376962260807523, 
   2.1530002479694632e-06, 
   1.0296957707680041e-06, 
   2.3963828846964462e-05, 
   1.8721741286690986e-07, 
   9.360870643345493e-08
  ], 
  [
   0.01717678935821293, 
   0.9264504278248272, 
   1.1728750740928235e-05, 
   0.00015782966314960075, 
   0.0063528473305126025, 
   0.02957028230153886, 
   3.457608599926821e-05, 
   2.196598404659392e-05, 
   0.020074536549939834, 
   0.00014162636010288488, 
   7.389790929255362e-06
  ], 
  [
   0.1307325430858155, 
   0.5542817907785206, 
   0.00019892548155206794, 
   0.029744172205297514, 
   0.04147275442809726, 
   0.16188684027727646, 
   0.00034651535496166676, 
   0.00037057892127844913, 
   0.07888678733743056, 
   0.0017373894880716903, 
   0.00034170264169831025
  ], 
  [
   3.2774016679882534e-05, 
   0.000501522148859783, 
   5.628364566605966e-06, 
   0.9703553042106144, 
   0.017946563410250995, 
   0.0004945489538215101, 
   3.7356401990747567e-06, 
   8.268216973952127e-06, 
   0.010615494040906755, 
   2.5352544817720683e-05, 
   1.0808452309322963e-05
  ], 
  [
   0.0053007203651209015, 
   0.03254489760411376, 
   0.00015184080616220604, 
   0.2757819186421495, 
   0.5813559173100277, 
   0.03245245748369557, 
   0.00010825687106009135, 
   0.00020561775834465403, 
   0.07128855552646055, 
   0.0006396996926278125, 
   0.0001701179402372864
  ], 
  [
   0.05798067121773144, 
   0.12409640586096886, 
   1.9459158631385483e-06, 
   0.0009817145529533975, 
   0.013287524311786316, 
   0.7895083351684401, 
   1.0053898626215832e-05, 
   7.945823107815738e-06, 
   0.01409783610912826, 
   2.4972586910278035e-05, 
   2.594554484184731e-06
  ], 
  [
   0.008271728916367216, 
   0.776612234307846, 
   2.8231156711150903e-05, 
   0.0013779493156633178, 
   0.002449388929891283, 
   0.10278560856291313, 
   0.00021240584573151632, 
   9.275951490806726e-05, 
   0.10738997578842227, 
   0.0006990572137999271, 
   8.066044774614543e-05
  ], 
  [
   0.0006171327815056081, 
   0.5453676558050364, 
   8.816182592937258e-05, 
   0.006087364171313821, 
   0.04527599549395112, 
   0.2659142591257985, 
   0.00017912243998348715, 
   0.00016932668154689018, 
   0.13552991554656835, 
   0.0007444776411813684, 
   2.6588487185048875e-05
  ], 
  [
   0.00013817661175356068, 
   0.08350061036964394, 
   1.2097174180759203e-05, 
   0.051480465617545955, 
   0.011160046420889722, 
   0.01402035604940701, 
   5.376521858115201e-05, 
   4.139921830748705e-05, 
   0.8392922669217289, 
   0.00027178317992772343, 
   2.9033218033822088e-05
  ], 
  [
   0.00012333954142358498, 
   0.6281436165620337, 
   0.0001430738680513586, 
   0.03515423609655019, 
   0.04201931497218693, 
   0.04117320571802114, 
   0.0008165077642241326, 
   0.0005303600281214155, 
   0.2447056501843926, 
   0.006640600910245815, 
   0.000550094354749189
  ], 
  [
   0.0006866089626798294, 
   0.22975449674806858, 
   7.02828072034471e-05, 
   0.1297312493579936, 
   0.03324917417701536, 
   0.037282326036536244, 
   0.0013407797066503754, 
   0.0006109197856915017, 
   0.5589699784285845, 
   0.0077797661204431065, 
   0.000524417869133413
  ]
 ], 
 "precision_perclass": [], 
 "mIoU_perclass": [
  0.8812358447982334, 
  0.7688557975757768, 
  0.00019861991196652934, 
  0.9222741989604779, 
  0.47173145531390115, 
  0.6447753991283558, 
  0.00021180760362485924, 
  0.0001688736545933634, 
  0.631023783773077, 
  0.006493882434675209, 
  0.0005203388103016355
 ], 
 "f1score": 0, 
 "mIoU": 0.3934081819968167, 
 "acc": 0.459541853888843, 
 "loss": 0.43464803058217594, 
 "recall": 0, 
 "f1score_perclass": [], 
 "epoch": 5, 
 "acc_perclass": [], 
 "recall_perclass": []
}