{
 "precision": 0, 
 "conf_m": [
  [
   0.962036053018848, 
   0.0091613904899358, 
   0.0006592861194108231, 
   2.246608954402918e-06, 
   1.8721741286690986e-05, 
   0.027639187487661202, 
   0.00038679117498303576, 
   9.360870643345493e-08, 
   9.314066290128765e-05, 
   0.0, 
   3.0890873123040127e-06
  ], 
  [
   0.006085797913353549, 
   0.964402224557577, 
   0.0014425685448871154, 
   7.93894053042021e-05, 
   0.0044691964022701165, 
   0.009648965269948724, 
   0.004199570727722882, 
   0.0017380923858102725, 
   0.003902690961858577, 
   0.003911097696493693, 
   0.00012040613477392223
  ], 
  [
   0.124947661743261, 
   0.38923620636272777, 
   0.09566230153573681, 
   0.012809838469300503, 
   0.07713656394732325, 
   0.17559023917580682, 
   0.06074125409682216, 
   0.01819686884875086, 
   0.0194529870104869, 
   0.019067969949418385, 
   0.007158108860365542
  ], 
  [
   6.674343822346898e-05, 
   4.8164854300070527e-05, 
   0.00026204270783109727, 
   0.9862665414148015, 
   0.0077692848689637035, 
   0.0004482768238889708, 
   2.9387036232721418e-05, 
   9.005383306569546e-05, 
   0.004248717928283677, 
   0.0001955483122875666, 
   0.0005752387821215248
  ], 
  [
   0.00016554865671851633, 
   0.018015278981120073, 
   0.004563659785208526, 
   0.0566756353500862, 
   0.898139071416144, 
   0.004823054495735628, 
   7.662336977629842e-05, 
   0.004142231251438885, 
   0.006070468896359863, 
   0.005778386234506175, 
   0.0015500415629058535
  ], 
  [
   0.04495811578264249, 
   0.025231555879730725, 
   0.002738390098401722, 
   0.0011523065102885437, 
   0.0024812048851569108, 
   0.9105230589408185, 
   0.00514483938248306, 
   0.004602739654943713, 
   0.002863415192608374, 
   0.00011675495178831289, 
   0.00018761872113760836
  ], 
  [
   0.005476844401963275, 
   0.24601974298892668, 
   0.016484306837720588, 
   0.0007461091416518453, 
   0.0014854965793248453, 
   0.06275920570968423, 
   0.6447014824045955, 
   0.005259061193048683, 
   0.011307250433213822, 
   0.0036135880590273156, 
   0.0021469122508432376
  ], 
  [
   6.996970311854967e-06, 
   0.07186868086118711, 
   0.002385966876342544, 
   0.0003834339730896522, 
   0.022079639516089534, 
   0.05286630888825139, 
   0.003792357909025392, 
   0.8144291521771073, 
   0.02691174721345657, 
   0.004942659828294348, 
   0.00033305578684429644
  ], 
  [
   0.0002844180062942941, 
   0.017819137568258304, 
   0.00016855396025191157, 
   0.023062321684292248, 
   0.0018583947802575192, 
   0.005101243938979703, 
   0.002401154661834249, 
   0.003940721695905537, 
   0.9414262890950427, 
   0.002807350888214852, 
   0.0011304137206687211
  ], 
  [
   0.00016527498550760389, 
   0.24848477373361125, 
   0.016899983965859615, 
   0.021342674247937145, 
   0.06442517606719539, 
   0.009674753629266007, 
   0.014956152793023916, 
   0.01594780270606954, 
   0.06669215683856088, 
   0.5145528324925688, 
   0.026858418540399866
  ], 
  [
   0.002130109695242935, 
   0.039434061210918706, 
   0.01276443906210297, 
   0.08689658155238501, 
   0.01613260743808355, 
   0.01039644909632529, 
   0.02711294447117594, 
   0.006028102310141809, 
   0.06537382343877557, 
   0.1633588694199506, 
   0.5703720123048976
  ]
 ], 
 "precision_perclass": [], 
 "mIoU_perclass": [
  0.9229581231341615, 
  0.9056437582339518, 
  0.08391546394073807, 
  0.9722769437088414, 
  0.8026719271738072, 
  0.8202070259941596, 
  0.5310507799652955, 
  0.7099965353347062, 
  0.8804360861160464, 
  0.38420039600313116, 
  0.468301950444332
 ], 
 "f1score": 0, 
 "mIoU": 0.6801508172771974, 
 "acc": 0.7547737290325579, 
 "loss": 0.16379486005093485, 
 "recall": 0, 
 "f1score_perclass": [], 
 "epoch": 40, 
 "acc_perclass": [], 
 "recall_perclass": []
}