{
 "precision": 0, 
 "conf_m": [
  [
   0.9630756713124979, 
   0.00853252720011585, 
   0.000687462340047293, 
   1.1981914423482231e-05, 
   4.680435321672746e-06, 
   0.027186870218174747, 
   0.0004157162652709733, 
   0.0, 
   8.275009648717416e-05, 
   0.0, 
   2.340217660836373e-06
  ], 
  [
   0.005942341054580114, 
   0.9653134739142754, 
   0.0016119235700364724, 
   6.827082078679036e-05, 
   0.004210350331005007, 
   0.009172764430617627, 
   0.004110418662842416, 
   0.0015700254893550062, 
   0.00395869066192798, 
   0.003895301170929322, 
   0.00014643989364395948
  ], 
  [
   0.12296963659202148, 
   0.3827935875408479, 
   0.10885234435284247, 
   0.015432767197829787, 
   0.0759109263029218, 
   0.1691829135845249, 
   0.0611358965844174, 
   0.018535363014940267, 
   0.019850837973591037, 
   0.01968239300937356, 
   0.005653333846689415
  ], 
  [
   3.0881292312351324e-05, 
   5.309589936284921e-05, 
   0.0002278242436075725, 
   0.9863844880280203, 
   0.007805246631946796, 
   0.0004266101107343372, 
   1.977398878710238e-05, 
   8.6866086762485e-05, 
   0.0041988595837600265, 
   0.00021273225720331047, 
   0.000553621877502879
  ], 
  [
   5.342546883485028e-05, 
   0.015936957946774875, 
   0.005027617804037489, 
   0.05384373401849154, 
   0.9022837630510161, 
   0.005096860023514236, 
   6.537590265317205e-05, 
   0.0038701831403982656, 
   0.0062859281884372524, 
   0.005779440684548968, 
   0.0017567137712933005
  ], 
  [
   0.044426232113384624, 
   0.024754482173951257, 
   0.0029097928540131757, 
   0.0013436549034971676, 
   0.0024231517285732774, 
   0.9114810981841037, 
   0.004745440151573873, 
   0.004599496461838482, 
   0.0029676838509415477, 
   0.00010037682660689678, 
   0.00024859075151594954
  ], 
  [
   0.005466089675597123, 
   0.24047837022876647, 
   0.01858147847912037, 
   0.0009827131217072054, 
   0.0012112510569879506, 
   0.058226088546350856, 
   0.6537233534850019, 
   0.004209131031553023, 
   0.011549231776452258, 
   0.003839437312716523, 
   0.001732855285746358
  ], 
  [
   6.996970311854967e-06, 
   0.07102764502970214, 
   0.001904575318886922, 
   0.0002812782065365697, 
   0.019427787767896502, 
   0.049625312239800164, 
   0.0034523051518692404, 
   0.8231879596134873, 
   0.02618826048321077, 
   0.004717357384252619, 
   0.00018052183404585815
  ], 
  [
   0.00034947392077748805, 
   0.017799244437383278, 
   0.00020618961325871796, 
   0.022360685581808214, 
   0.0018683413456950324, 
   0.005038607459332661, 
   0.0021672759610062375, 
   0.0036124850364676036, 
   0.9424593877700795, 
   0.0030514449805732822, 
   0.001086863893617988
  ], 
  [
   9.867163313886798e-06, 
   0.2420933186970411, 
   0.020745710867446993, 
   0.021823698459489126, 
   0.06560183529237638, 
   0.009159194346115422, 
   0.014480062163128877, 
   0.017755960383339296, 
   0.05914377690343747, 
   0.5236059548330599, 
   0.025580620891251526
  ], 
  [
   0.0015462217584758361, 
   0.0376013018538442, 
   0.011326344699324744, 
   0.08399876734768905, 
   0.01566225326679894, 
   0.009763903831494267, 
   0.01891148150751215, 
   0.003573610427806041, 
   0.05886996058756427, 
   0.16081787562105673, 
   0.5979282790984338
  ]
 ], 
 "precision_perclass": [], 
 "mIoU_perclass": [
  0.9245869837965849, 
  0.9080729843623524, 
  0.09453622869371617, 
  0.9727825069411403, 
  0.8079089075133048, 
  0.8236873565185738, 
  0.5422477257572075, 
  0.7219035557290018, 
  0.88215232270498, 
  0.39035469235904346, 
  0.49339959759628466
 ], 
 "f1score": 0, 
 "mIoU": 0.687421169270199, 
 "acc": 0.7616632521493472, 
 "loss": 0.1594921837203022, 
 "recall": 0, 
 "f1score_perclass": [], 
 "epoch": 42, 
 "acc_perclass": [], 
 "recall_perclass": []
}