{
 "precision": 0, 
 "conf_m": [
  [
   0.9522284816284021, 
   0.0142669965562293, 
   1.291800148781678e-05, 
   3.744348257338197e-07, 
   0.0001520205392479308, 
   0.0332822947462956, 
   2.714652486570193e-05, 
   1.4977393029352789e-06, 
   2.4431872379131736e-05, 
   3.6507395509047423e-06, 
   1.8721741286690986e-07
  ], 
  [
   0.009549169194280248, 
   0.9541066186831948, 
   1.4779581858510724e-05, 
   0.0001808803871491129, 
   0.007211012225765028, 
   0.01644906444229892, 
   0.0014811446094627697, 
   0.00038237083340367196, 
   0.008449853048244691, 
   0.002132056377460758, 
   4.3050616881441785e-05
  ], 
  [
   0.13457148403221952, 
   0.4941292919375823, 
   0.0007636171711192286, 
   0.025239472590795845, 
   0.07906164925266584, 
   0.19051606724322973, 
   0.01720865839200833, 
   0.005401468519240425, 
   0.0371188531625141, 
   0.014742944963415359, 
   0.001246492735209329
  ], 
  [
   4.119165926179765e-05, 
   0.00038925370874358964, 
   1.1455963277162587e-06, 
   0.9766046317953786, 
   0.015540562079366913, 
   0.0004618745542136029, 
   4.482768238889708e-06, 
   1.4892752260311363e-05, 
   0.006718274951088018, 
   0.0001352301752065062, 
   8.845995991409023e-05
  ], 
  [
   0.001134588246045373, 
   0.036038993562582486, 
   3.866316823574691e-05, 
   0.12101536509454024, 
   0.8120129978541941, 
   0.010338179702891127, 
   0.000176444640494045, 
   0.0002688847609122399, 
   0.015714117504397936, 
   0.0026157390728220775, 
   0.0006460263928845711
  ], 
  [
   0.052795129761777734, 
   0.05808704795158302, 
   8.83770121175424e-05, 
   0.0007527451197240951, 
   0.006232119871011724, 
   0.8719876006241201, 
   0.0017263516899144154, 
   0.0013619789445417222, 
   0.006700761274717591, 
   0.0002438881215133647, 
   2.3999628978708762e-05
  ], 
  [
   0.009524654538024008, 
   0.675735589674925, 
   0.0013403077733817833, 
   0.002298822760765145, 
   0.0036955928475692302, 
   0.12111031795004161, 
   0.09407293586553366, 
   0.008243497759656064, 
   0.055280637862820774, 
   0.02806983581565861, 
   0.0006278071516241653
  ], 
  [
   2.2390304997935894e-05, 
   0.41262253444258634, 
   8.116485561751762e-05, 
   0.0009599843267865015, 
   0.058028673584337984, 
   0.3543069850754623, 
   0.01591810745947005, 
   0.0448281893939924, 
   0.10628397903707694, 
   0.006651319978449331, 
   0.0002966715412226506
  ], 
  [
   0.00025000826640235685, 
   0.04121641656431113, 
   4.3012174864921606e-06, 
   0.03430704832444729, 
   0.0029393444998315806, 
   0.008786312020531862, 
   0.0009629350647884325, 
   0.001647903949512309, 
   0.9062208239681043, 
   0.003323228160501006, 
   0.00034167796408322105
  ], 
  [
   0.0003848193692415852, 
   0.49187069082477153, 
   0.00040702048669783044, 
   0.04335384881039012, 
   0.05321114496096303, 
   0.028104147908778077, 
   0.040800720302921915, 
   0.009344203658250798, 
   0.1314108810143444, 
   0.1925650924429863, 
   0.008547430220654439
  ], 
  [
   0.0029518779025447784, 
   0.12546562359772284, 
   0.000702828072034471, 
   0.16904096406386004, 
   0.029243054166418876, 
   0.021236220515010784, 
   0.03567122784064185, 
   0.010380229986970649, 
   0.3795974417058178, 
   0.1708358788324404, 
   0.05487465331653754
  ]
 ], 
 "precision_perclass": [], 
 "mIoU_perclass": [
  0.9045488359900429, 
  0.8350779115996876, 
  0.000760688391032187, 
  0.9507392735964488, 
  0.6725757753521695, 
  0.7352463021924186, 
  0.08471217447727515, 
  0.0426522300083483, 
  0.7786403595895948, 
  0.1480380871468206, 
  0.05190276030640526
 ], 
 "f1score": 0, 
 "mIoU": 0.4731722180591131, 
 "acc": 0.5327514220675967, 
 "loss": 0.2940151880644972, 
 "recall": 0, 
 "f1score_perclass": [], 
 "epoch": 10, 
 "acc_perclass": [], 
 "recall_perclass": []
}