{
 "precision": 0, 
 "conf_m": [
  [
   0.9634633985745453, 
   0.00840465770712775, 
   0.0009315938464257435, 
   6.927044276075665e-06, 
   2.340217660836373e-06, 
   0.026782293388969355, 
   0.00030207529566075907, 
   0.0, 
   0.00010390566414113497, 
   9.360870643345493e-08, 
   2.7146524865701928e-06
  ], 
  [
   0.00575346071027823, 
   0.9663946206660995, 
   0.001959718317440876, 
   6.128780733987933e-05, 
   0.003853470886494913, 
   0.008756902251167605, 
   0.0041763844112292555, 
   0.0015569408136729302, 
   0.003604116289817838, 
   0.003744047743744288, 
   0.0001390501027147041
  ], 
  [
   0.11873926163353113, 
   0.3737665416965456, 
   0.13907457940896673, 
   0.013798048926043036, 
   0.07073886378256804, 
   0.16494291319950782, 
   0.058878734063903204, 
   0.016961605777822696, 
   0.01887866989439303, 
   0.018400607043566285, 
   0.00582017457315244
  ], 
  [
   1.3149453500743144e-05, 
   4.3184000701304187e-05, 
   0.00026707336996585124, 
   0.9871532827809899, 
   0.00725755197022645, 
   0.0003882575380238364, 
   2.4655225313893394e-05, 
   5.045604695550304e-05, 
   0.004073093030391176, 
   0.00018747932945756512, 
   0.0005418172544738027
  ], 
  [
   6.080661913440196e-05, 
   0.016109887753792945, 
   0.005678916447136026, 
   0.05073873012581347, 
   0.9055318206661664, 
   0.005217418811740247, 
   4.006910162613771e-05, 
   0.0035559570276459227, 
   0.005599832693926544, 
   0.005509852956941532, 
   0.0019567077960763912
  ], 
  [
   0.04360878529121117, 
   0.02226030451637342, 
   0.003637565386826993, 
   0.0013623032638522452, 
   0.00191461904967307, 
   0.9155741700425605, 
   0.004347338197906779, 
   0.004073126220859504, 
   0.002917252198155207, 
   6.080987072307963e-05, 
   0.00024372596185810318
  ], 
  [
   0.005397528295012899, 
   0.2252926965997588, 
   0.019066785506393014, 
   0.0011655434699318016, 
   0.0010324537311506615, 
   0.058697952165665805, 
   0.6693042633079657, 
   0.003852880720674214, 
   0.010721117846258498, 
   0.0034025265540915685, 
   0.002066251803097092
  ], 
  [
   6.996970311854967e-06, 
   0.057344369887838566, 
   0.002895346315045585, 
   0.0003820345790272812, 
   0.016346322042555574, 
   0.04486037545742694, 
   0.003347350597191416, 
   0.8437940371819003, 
   0.0260469216829113, 
   0.0047747325408098295, 
   0.00020151274498142303
  ], 
  [
   0.0003016228762402628, 
   0.01643145727667877, 
   0.00020135074358641427, 
   0.02192169257209311, 
   0.0016739800805241679, 
   0.0048864518907480005, 
   0.0019118911727457656, 
   0.00311435028631323, 
   0.9455917494046174, 
   0.002963807674286005, 
   0.001001646022166862
  ], 
  [
   4.933581656943399e-06, 
   0.24077111881298024, 
   0.021431478717762128, 
   0.02044476238637345, 
   0.062311136327195135, 
   0.00851782873071278, 
   0.009835095033116668, 
   0.0200303415271902, 
   0.055095773153915416, 
   0.5369463596334348, 
   0.02461117209566215
  ], 
  [
   0.001216433201598123, 
   0.03436288635270075, 
   0.014818859580357576, 
   0.08011158747235994, 
   0.013499705352846725, 
   0.008504219671617099, 
   0.02366908691820703, 
   0.0030708180378121504, 
   0.05473949407191553, 
   0.12837425054198856, 
   0.6376326587985965
  ]
 ], 
 "precision_perclass": [], 
 "mIoU_perclass": [
  0.9258820633843146, 
  0.9119619149105779, 
  0.1180144516381972, 
  0.974143534374624, 
  0.8178795952879895, 
  0.8295303768577144, 
  0.5589770477962269, 
  0.7466948187041808, 
  0.8881055460187075, 
  0.408686297077218, 
  0.5265058681201926
 ], 
 "f1score": 0, 
 "mIoU": 0.700580137651813, 
 "acc": 0.7736782673150767, 
 "loss": 0.15064586347288755, 
 "recall": 0, 
 "f1score_perclass": [], 
 "epoch": 48, 
 "acc_perclass": [], 
 "recall_perclass": []
}