{
 "precision": 0, 
 "conf_m": [
  [
   0.9604030491351164, 
   0.010024556371958688, 
   0.00025096494194809266, 
   1.5913480093687339e-06, 
   5.363778878636967e-05, 
   0.028782149793213686, 
   0.00041955422223474497, 
   4.6804353216727466e-07, 
   6.346670296188243e-05, 
   9.360870643345493e-08, 
   4.6804353216727466e-07
  ], 
  [
   0.006596913819919201, 
   0.9622343717616699, 
   0.0005016244319776186, 
   7.613518544544744e-05, 
   0.005260107420441613, 
   0.010930992301803943, 
   0.003943504302587125, 
   0.0018676510139369422, 
   0.004564111148150461, 
   0.003950080538551692, 
   7.450807551607012e-05
  ], 
  [
   0.13534953934312882, 
   0.417212508562619, 
   0.024390830818690652, 
   0.018060508639622427, 
   0.08482567550441246, 
   0.17980778023226154, 
   0.06744857214818666, 
   0.021349196036249355, 
   0.02190747077479871, 
   0.023548605997603268, 
   0.006099311942427115
  ], 
  [
   0.00011550599495539147, 
   7.77511246767426e-05, 
   9.09503867134734e-05, 
   0.9846185263845777, 
   0.00898765146775794, 
   0.0004203840437358793, 
   2.2762500946362185e-05, 
   0.00012302708388952865, 
   0.004720952657982715, 
   0.00027215384063659296, 
   0.0005503345141276932
  ], 
  [
   0.0009929404569635001, 
   0.02192061045627811, 
   0.001250226267405016, 
   0.06526553688202637, 
   0.8846881551869277, 
   0.006259215454019827, 
   4.745025192568939e-05, 
   0.004505313549507308, 
   0.007271838978448799, 
   0.006383992042417011, 
   0.0014147204740807392
  ], 
  [
   0.04633663501202089, 
   0.030587527133364316, 
   0.0011138746719915574, 
   0.0015572191694766232, 
   0.002583203308316423, 
   0.9015943861624626, 
   0.00619287723443843, 
   0.006791408522008795, 
   0.0029542245995548395, 
   0.00012664669075926718, 
   0.00016199749560628414
  ], 
  [
   0.0058546041655743895, 
   0.2950182763131185, 
   0.008908946453561764, 
   0.000904741355552598, 
   0.0019291290419286451, 
   0.0698102731834931, 
   0.5900352082854412, 
   0.008375243157641436, 
   0.012135364363407581, 
   0.005763188991462092, 
   0.0012650246888187143
  ], 
  [
   3.498485155927483e-05, 
   0.1025517950727335, 
   0.001057941911152471, 
   0.000209909109355649, 
   0.026403767168815904, 
   0.07414689439472709, 
   0.006146138721933403, 
   0.7486898173091051, 
   0.036679517768806104, 
   0.0036888027484099383, 
   0.00039043094340150713
  ], 
  [
   0.0003263548767875927, 
   0.02136764199461434, 
   9.597091516735634e-05, 
   0.025010773205673197, 
   0.0019363543472001898, 
   0.004639131885274701, 
   0.0026667548416251397, 
   0.006389996228369917, 
   0.9333805929604662, 
   0.003218117158174854, 
   0.0009683115866465478
  ], 
  [
   0.0001307399139090001, 
   0.30236935259074704, 
   0.006280449449288948, 
   0.02345424719710892, 
   0.06443997681216622, 
   0.013592017464879065, 
   0.02709769725076162, 
   0.01510662703356069, 
   0.07205249330882987, 
   0.4391035682129334, 
   0.03637283076581521
  ], 
  [
   0.0030167543399633448, 
   0.04585142214557191, 
   0.005157676774776041, 
   0.10377526802078209, 
   0.01891688787729703, 
   0.010180194304930069, 
   0.03499002524774689, 
   0.012007547292219693, 
   0.09118923916158017, 
   0.19196397195175355, 
   0.4829510128833792
  ]
 ], 
 "precision_perclass": [], 
 "mIoU_perclass": [
  0.9192068333235079, 
  0.8941581425846598, 
  0.023144335468039536, 
  0.9686843764899817, 
  0.7793519553211009, 
  0.8053926760044343, 
  0.477534073983003, 
  0.628706064843649, 
  0.864441863446976, 
  0.319500734108964, 
  0.3961190707409329
 ], 
 "f1score": 0, 
 "mIoU": 0.64329455693775, 
 "acc": 0.7192808653727972, 
 "loss": 0.18680488908465454, 
 "recall": 0, 
 "f1score_perclass": [], 
 "epoch": 29, 
 "acc_perclass": [], 
 "recall_perclass": []
}