{
 "precision": 0, 
 "conf_m": [
  [
   0.9611656792664297, 
   0.00928710698267593, 
   0.0005019298838961853, 
   1.535182785508661e-05, 
   3.4635221380378326e-05, 
   0.028556927245534793, 
   0.0003553386496213949, 
   1.8721741286690986e-07, 
   8.07843136520716e-05, 
   1.8721741286690986e-07, 
   1.8721741286690986e-06
  ], 
  [
   0.006248576702538339, 
   0.9643842585521067, 
   0.0011522650149873774, 
   6.74572658221017e-05, 
   0.004587433057138202, 
   0.009623812862290432, 
   0.004159774330700195, 
   0.0017892785523386011, 
   0.003971368560127712, 
   0.0038985553907880765, 
   0.00011721971116222496
  ], 
  [
   0.1277213888207088, 
   0.3966028661311721, 
   0.07427620803113505, 
   0.015580357071239385, 
   0.08140223213641154, 
   0.1752212644922828, 
   0.06494114853797792, 
   0.018981341110677966, 
   0.019675976058355752, 
   0.020744398402820892, 
   0.004852819207217787
  ], 
  [
   5.852502978550452e-05, 
   5.693115663389929e-05, 
   0.00019863644151880172, 
   0.9859522495527193, 
   0.007983660807854606, 
   0.0004927060379899665, 
   2.3659054594140127e-05, 
   9.07013440335351e-05, 
   0.004343204721052275, 
   0.0002380349934850435, 
   0.0005616908603328805
  ], 
  [
   0.000219677092248562, 
   0.018704889309106756, 
   0.0035889964623201064, 
   0.05728229560803983, 
   0.896754227026609, 
   0.005269438347184706, 
   4.006910162613771e-05, 
   0.004263141523012493, 
   0.006112646898071587, 
   0.006147443749483759, 
   0.001617174882297014
  ], 
  [
   0.04564875375440142, 
   0.026408348497963762, 
   0.0023878009237262602, 
   0.0012473320682718095, 
   0.002418935577536477, 
   0.9083974701796502, 
   0.0049928957855029914, 
   0.0052784589384185735, 
   0.0028956849640054214, 
   0.00014999768111692975, 
   0.00017432162940616162
  ], 
  [
   0.005244273444295223, 
   0.25600819510149103, 
   0.015399423815534934, 
   0.0012515812808610233, 
   0.001422312561923698, 
   0.06561055253751047, 
   0.6308561165489697, 
   0.006525430222663166, 
   0.011949845333591447, 
   0.004350286815108777, 
   0.0013819823380506252
  ], 
  [
   6.996970311854967e-06, 
   0.07942121061580336, 
   0.0017268522729658058, 
   0.0004002267018381041, 
   0.02207544133390242, 
   0.05586101218172531, 
   0.003841336701208377, 
   0.7979722780036245, 
   0.03444048726901252, 
   0.00398687368369496, 
   0.0002672842659128597
  ], 
  [
   0.000375281225696441, 
   0.01850088053986731, 
   0.00014839200328397955, 
   0.023106409163528793, 
   0.0016384950362606076, 
   0.004818707715335749, 
   0.0022390525278120754, 
   0.004505525317100538, 
   0.9402853911567506, 
   0.0032619358113184925, 
   0.0011199295030453963
  ], 
  [
   9.12712606534529e-05, 
   0.2612479494801238, 
   0.014502263280585122, 
   0.022472464447377185, 
   0.06608285950392837, 
   0.00976602488991946, 
   0.016063741875007708, 
   0.016534898923245802, 
   0.06577697744119787, 
   0.4957262848896728, 
   0.03173526400828842
  ], 
  [
   0.001800321138365222, 
   0.04385106532516611, 
   0.010061254169662696, 
   0.0919028799731844, 
   0.019430493006860682, 
   0.010012596841598772, 
   0.0298755994312499, 
   0.0048927646553168945, 
   0.0661144960993042, 
   0.18040515335167895, 
   0.5416533760076122
  ]
 ], 
 "precision_perclass": [], 
 "mIoU_perclass": [
  0.9214237037720376, 
  0.9035167154870888, 
  0.06656009384541957, 
  0.9716837504193931, 
  0.7991982149977901, 
  0.8165578480858405, 
  0.5191109577160657, 
  0.688227782712807, 
  0.8774146647257454, 
  0.3649810026806925, 
  0.44539085283448326
 ], 
 "f1score": 0, 
 "mIoU": 0.6703695988433968, 
 "acc": 0.7452203217468437, 
 "loss": 0.16878620139767267, 
 "recall": 0, 
 "f1score_perclass": [], 
 "epoch": 37, 
 "acc_perclass": [], 
 "recall_perclass": []
}