{
 "precision": 0, 
 "conf_m": [
  [
   0.9529367251012776, 
   0.013591235304486188, 
   2.0593915415360086e-05, 
   5.616522386007296e-07, 
   0.00011654283950965138, 
   0.033247940351034524, 
   5.532274550217186e-05, 
   1.123304477201459e-06, 
   2.031308929605972e-05, 
   9.267261936912039e-06, 
   3.744348257338197e-07
  ], 
  [
   0.009364356624801807, 
   0.9525252712205813, 
   1.8372782952552323e-05, 
   0.00014657548613807424, 
   0.007186469984330254, 
   0.017236856833105774, 
   0.0018224987133967216, 
   0.0008133515759474915, 
   0.00844259884980955, 
   0.002408732861701961, 
   3.491506723455515e-05
  ], 
  [
   0.13360733714179376, 
   0.4823926885260103, 
   0.0008807265271942363, 
   0.024779056355268076, 
   0.0779563294398483, 
   0.1920047998793613, 
   0.02441810286051634, 
   0.008603527077126938, 
   0.038251445017157326, 
   0.01596858260781681, 
   0.001137404567906582
  ], 
  [
   5.5187857874331074e-05, 
   0.0003065217304680807, 
   1.8429158315435467e-06, 
   0.9778880981507087, 
   0.01469820011874355, 
   0.00046825004682002385, 
   1.6934902235805563e-06, 
   2.5701204569634324e-05, 
   0.006314526958372018, 
   0.0001664103187347835, 
   7.356720765377888e-05
  ], 
  [
   0.0010867865107720858, 
   0.034533590384821546, 
   3.339091802178142e-05, 
   0.11764639720781629, 
   0.8151967340167341, 
   0.010605658530412976, 
   0.00021299890864420572, 
   0.0005465566055144223, 
   0.016364010214106082, 
   0.00306141995757596, 
   0.0007124567455805362
  ], 
  [
   0.051928062085094255, 
   0.05518957923136972, 
   0.00010297138109108152, 
   0.0008949591373884707, 
   0.0055497520416711394, 
   0.8753747915032233, 
   0.002370449840613275, 
   0.0024229895689180155, 
   0.005929854273604203, 
   0.00019864557769539345, 
   3.794535933120169e-05
  ], 
  [
   0.0100946550354301, 
   0.6246761819108191, 
   0.0015782560942329124, 
   0.002507195584109354, 
   0.0032385169770077393, 
   0.12199489419365767, 
   0.14289267186388818, 
   0.014535012683855408, 
   0.0498387463215475, 
   0.028141085877834374, 
   0.0005027834576176399
  ], 
  [
   1.5393334686080926e-05, 
   0.38057920920241534, 
   2.0990910935564902e-05, 
   0.0009781764495973243, 
   0.05564690489018255, 
   0.3055199098790224, 
   0.014490725515851637, 
   0.10234048656931549, 
   0.13461191304165296, 
   0.005640957465417474, 
   0.00015533274092318025
  ], 
  [
   0.00027500909304259256, 
   0.04392510827642957, 
   1.3172478552382243e-05, 
   0.03308684668874804, 
   0.003189890418419749, 
   0.008392750620517829, 
   0.0011543392429373338, 
   0.0034132849016244356, 
   0.9026785025418851, 
   0.0036186680366044363, 
   0.00025242770123850867
  ], 
  [
   0.00038728616007005685, 
   0.48992932644276427, 
   0.00028861452693118887, 
   0.04158269299554744, 
   0.056040554041220075, 
   0.0207975134748449, 
   0.0390147637431084, 
   0.013123327207469443, 
   0.12894162339504422, 
   0.20275787214623137, 
   0.007136425866768627
  ], 
  [
   0.002822125027707645, 
   0.14124141063000428, 
   0.0002919439683835495, 
   0.1754745441078679, 
   0.027848210761919692, 
   0.015348683819275871, 
   0.03269772445895754, 
   0.011358782918034027, 
   0.3458292560294539, 
   0.1869792990100937, 
   0.060108019268301914
  ]
 ], 
 "precision_perclass": [], 
 "mIoU_perclass": [
  0.9058692490878574, 
  0.8380210215300751, 
  0.0008769743904309156, 
  0.952607618826179, 
  0.6797188401923479, 
  0.7408017117587904, 
  0.12679107361831463, 
  0.09376979395058405, 
  0.7758669849755261, 
  0.15299123504196346, 
  0.05723552123552124
 ], 
 "f1score": 0, 
 "mIoU": 0.48405000223705363, 
 "acc": 0.5441436271735766, 
 "loss": 0.2878970788126908, 
 "recall": 0, 
 "f1score_perclass": [], 
 "epoch": 11, 
 "acc_perclass": [], 
 "recall_perclass": []
}