{
 "precision": 0, 
 "conf_m": [
  [
   0.9593238343586451, 
   0.010581996218769912, 
   0.00010100379424169786, 
   4.2123917895054714e-06, 
   5.906709375951006e-05, 
   0.029365238425587678, 
   0.0005228982341372793, 
   9.360870643345493e-07, 
   3.688183033478124e-05, 
   8.424783579010943e-07, 
   3.0890873123040127e-06
  ], 
  [
   0.0069342679452767675, 
   0.961179597749951, 
   0.00018528714320784317, 
   8.345718012764542e-05, 
   0.0055490550254002026, 
   0.011454311532839925, 
   0.0038731317981415556, 
   0.0021132768170258613, 
   0.00488736365412009, 
   0.0036765226816751284, 
   6.372847223394532e-05
  ], 
  [
   0.13622866163256858, 
   0.4379986171470557, 
   0.008170382883424854, 
   0.019966343091911594, 
   0.08461552035857922, 
   0.1760666977888791, 
   0.06992230676555188, 
   0.018609157951645066, 
   0.022586063344931972, 
   0.02138769774235621, 
   0.004448551293095842
  ], 
  [
   0.00013179338622335742, 
   0.00015221488597829942, 
   5.573575177019537e-05, 
   0.9827737676372026, 
   0.010474137415773766, 
   0.000527721438789294, 
   3.013416427253637e-05, 
   0.00010664007554958739, 
   0.00502886902745845, 
   0.0002741959906120871, 
   0.00044479022636983436
  ], 
  [
   0.0014811508267767045, 
   0.024707170436032665, 
   0.00036167636467803247, 
   0.07306319494848133, 
   0.8738006070117413, 
   0.006830375893866088, 
   0.00014375668916745898, 
   0.004681406706653755, 
   0.00804299344307815, 
   0.005553085408696049, 
   0.0013345822708284638
  ], 
  [
   0.048489304435617914, 
   0.0356365301595878, 
   0.0005406402906419933, 
   0.0013162499217579664, 
   0.0031460594717292478, 
   0.893662346625344, 
   0.0067353012812883, 
   0.007048593735253606, 
   0.0031776806045052492, 
   0.00010702537247262016, 
   0.00014026810180123702
  ], 
  [
   0.0068574823992181315, 
   0.3289050747520699, 
   0.0035867012431119337, 
   0.0011910859450514142, 
   0.0019654262434144107, 
   0.0711586470016495, 
   0.5533481479689027, 
   0.009832508580255129, 
   0.012959445271214034, 
   0.007532341478694215, 
   0.0026631391164185685
  ], 
  [
   7.416788530566265e-05, 
   0.13011705931331732, 
   0.0005051812565159286, 
   0.0004394097355844919, 
   0.030295482056269637, 
   0.08153989322623303, 
   0.007597310364612123, 
   0.7030919611808087, 
   0.0424548170642112, 
   0.00366221426122489, 
   0.00022250365591698794
  ], 
  [
   0.00032205365930110057, 
   0.023545939825429713, 
   9.785269781769666e-05, 
   0.02767860335166996, 
   0.002582612274545637, 
   0.005156890940211195, 
   0.0024914802290505844, 
   0.009205949551557752, 
   0.924021681362045, 
   0.0037805013445337036, 
   0.0011164347638376215
  ], 
  [
   0.0005821626355193211, 
   0.3385399065086276, 
   0.002831875871085511, 
   0.027929005759956584, 
   0.06451398053702036, 
   0.013229399213093726, 
   0.028232421031858603, 
   0.016981388063199182, 
   0.0827460315502547, 
   0.39114915450744353, 
   0.03326467432194087
  ], 
  [
   0.005698313753264096, 
   0.06848248606508188, 
   0.003443857552968908, 
   0.11224704947368991, 
   0.024577357042066962, 
   0.010201819784069591, 
   0.04560272913546741, 
   0.00900701206161099, 
   0.10063957354555136, 
   0.19863002589651127, 
   0.4214697756897176
  ]
 ], 
 "precision_perclass": [], 
 "mIoU_perclass": [
  0.9163716335419444, 
  0.8858488005420511, 
  0.00798499892603097, 
  0.9651807589309408, 
  0.7594625919834204, 
  0.7956026914483801, 
  0.44389001882914225, 
  0.5798927069338836, 
  0.8503787339940757, 
  0.28625018503742267, 
  0.3510309208719263
 ], 
 "f1score": 0, 
 "mIoU": 0.6219903673672017, 
 "acc": 0.6974537506341115, 
 "loss": 0.2042394615202249, 
 "recall": 0, 
 "f1score_perclass": [], 
 "epoch": 24, 
 "acc_perclass": [], 
 "recall_perclass": []
}