{
 "precision": 0, 
 "conf_m": [
  [
   0.9645047954336176, 
   0.008306087739253322, 
   0.0008603576208298842, 
   8.331174872577489e-06, 
   5.242087560273476e-06, 
   0.025867081066169466, 
   0.0003327789513709323, 
   9.360870643345493e-08, 
   0.00010671392533413862, 
   0.0, 
   8.518392285444399e-06
  ], 
  [
   0.005786206297606948, 
   0.9659843855751552, 
   0.001890091571712938, 
   7.505044549252923e-05, 
   0.003910284141529005, 
   0.008766664910743868, 
   0.004138960882853576, 
   0.0016940926214700275, 
   0.0037462850198971814, 
   0.003858555605024217, 
   0.00014942292851448456
  ], 
  [
   0.11896706339466334, 
   0.3755167650866529, 
   0.13949649393838764, 
   0.013307152173180674, 
   0.07239283290740821, 
   0.16326488050835086, 
   0.05818249487847097, 
   0.017396354209279232, 
   0.017707576333642953, 
   0.017831102640735768, 
   0.005937283929227447
  ], 
  [
   1.3747155932595104e-05, 
   4.5774044572662685e-05, 
   0.00023669016301337657, 
   0.9870705508027143, 
   0.007313437147604608, 
   0.00041196640115396415, 
   2.2114989978522558e-05, 
   5.0904323779392016e-05, 
   0.004092667785034328, 
   0.000194601950103801, 
   0.000547545236112384
  ], 
  [
   0.00010157868745573506, 
   0.017133055778649847, 
   0.0055601150756480035, 
   0.05179071978517338, 
   0.9039174576506501, 
   0.0051000233736426155, 
   3.128201793619523e-05, 
   0.0034965563419019114, 
   0.0054012446025338435, 
   0.005671886780184072, 
   0.001796079906224243
  ], 
  [
   0.043465273996304704, 
   0.022466247278555587, 
   0.0034014609287661823, 
   0.0011677116775383905, 
   0.002228397982604161, 
   0.9150714751112496, 
   0.004533983961112817, 
   0.0044253369920875816, 
   0.002880441956410836, 
   9.518771763852732e-05, 
   0.00026448239773158103
  ], 
  [
   0.00513000447665485, 
   0.2332229629540007, 
   0.017936194897151207, 
   0.0007447648008560762, 
   0.0013282087062198617, 
   0.060850241779692116, 
   0.6605297509339808, 
   0.004019578979349581, 
   0.010885127423342326, 
   0.0034778096386546375, 
   0.0018753554100978814
  ], 
  [
   1.5393334686080926e-05, 
   0.06643483371700054, 
   0.002754007514746115, 
   0.0003750376087154262, 
   0.018465004652985256, 
   0.04995556923851972, 
   0.0032423960425135914, 
   0.829342494699795, 
   0.023687543293753804, 
   0.005495420482930891, 
   0.0002322994143535849
  ], 
  [
   0.0002787726583432732, 
   0.01630349605645563, 
   0.00018952239549856084, 
   0.02086278659213732, 
   0.0017368853862641158, 
   0.00490553854334431, 
   0.001751133169188121, 
   0.0028105768013297213, 
   0.9467087218206408, 
   0.003326722899708781, 
   0.001125843677089323
  ], 
  [
   0.0, 
   0.23316846947963046, 
   0.020585369463596334, 
   0.019268103161192447, 
   0.060436375297556647, 
   0.008981585406465459, 
   0.009339270076593855, 
   0.01744267794812339, 
   0.05080355711237466, 
   0.5553165509330636, 
   0.024658041121403112
  ], 
  [
   0.0007568917698832765, 
   0.036860629193315564, 
   0.013905183086712765, 
   0.0817605302567485, 
   0.015586564089810614, 
   0.008985386582471468, 
   0.018468159185151947, 
   0.002265268939864949, 
   0.05985391988841253, 
   0.12743894856920424, 
   0.6341185184384242
  ]
 ], 
 "precision_perclass": [], 
 "mIoU_perclass": [
  0.9269242806755488, 
  0.910784065808048, 
  0.11929652708609435, 
  0.974192327665861, 
  0.81472711927982, 
  0.8296779459963644, 
  0.5525291872549923, 
  0.7319999555348601, 
  0.8894600334756059, 
  0.4195982896743, 
  0.5225893549335686
 ], 
 "f1score": 0, 
 "mIoU": 0.699252644307733, 
 "acc": 0.7729146541216072, 
 "loss": 0.15087451365565735, 
 "recall": 0, 
 "f1score_perclass": [], 
 "epoch": 49, 
 "acc_perclass": [], 
 "recall_perclass": []
}