{
 "precision": 0, 
 "conf_m": [
  [
   0.9236369191614869, 
   0.02052530023354436, 
   5.242087560273476e-06, 
   1.4977393029352789e-06, 
   3.154613406807431e-05, 
   0.05571824228685321, 
   1.0016131588379677e-05, 
   9.360870643345493e-08, 
   7.104900818299229e-05, 
   9.360870643345493e-08, 
   0.0
  ], 
  [
   0.014476193652928909, 
   0.9078835442169496, 
   2.8067646281758898e-05, 
   0.0008281989540530597, 
   0.0028275102797754507, 
   0.04053361341318917, 
   4.244045065792529e-05, 
   5.864375370464117e-05, 
   0.03326131338008427, 
   5.3084461445935304e-05, 
   7.389790929255362e-06
  ], 
  [
   0.11473027148515519, 
   0.5366046949622122, 
   7.700341221370372e-05, 
   0.041066882276220865, 
   0.01785516620705255, 
   0.15963609470778006, 
   0.00012673478260172072, 
   0.00031763907538152783, 
   0.12895023494061914, 
   0.0004957094661257177, 
   0.000139568684637338
  ], 
  [
   0.0002539737250010958, 
   0.0003627555675981527, 
   1.9425329035188734e-06, 
   0.9730274823578166, 
   0.011937362777483354, 
   0.0006254457863970896, 
   1.3946390076545757e-06, 
   6.624535286359235e-06, 
   0.013774849478604245, 
   6.026832854507274e-06, 
   2.1417670474695273e-06
  ], 
  [
   0.00523218111233935, 
   0.021907254089069395, 
   8.892528694221789e-05, 
   0.5025786575796505, 
   0.25736665161146327, 
   0.02782342179583387, 
   7.943523655708002e-05, 
   0.0002622065773078836, 
   0.184325248630533, 
   0.00027556294451659615, 
   6.045513578680426e-05
  ], 
  [
   0.06876282885572688, 
   0.1526399105397614, 
   2.7567141394462766e-06, 
   0.003151735059663402, 
   0.007145727368755272, 
   0.7457583088174962, 
   3.567512415754005e-06, 
   4.86478965784637e-06, 
   0.02252657067031288, 
   3.4053527604924592e-06, 
   3.2431931052309136e-07
  ], 
  [
   0.009940055843916657, 
   0.7709270170825385, 
   3.3608519894227265e-05, 
   0.005291325372147141, 
   0.005117905409492928, 
   0.09884265700892239, 
   6.049533580960908e-05, 
   7.931610695037635e-05, 
   0.1096202371686032, 
   8.200478854191453e-05, 
   5.377363183076363e-06
  ], 
  [
   0.00041142185433707204, 
   0.5216087434141017, 
   3.358545749690384e-05, 
   0.008022726159572904, 
   0.013902980009655818, 
   0.2301135608281614, 
   0.00011754910123916344, 
   0.0002700830540376017, 
   0.22521568160986294, 
   0.0002784794184118277, 
   2.518909312267788e-05
  ], 
  [
   0.00018011348224685923, 
   0.10136034067793102, 
   1.2634826366570722e-05, 
   0.055859642670980786, 
   0.018437168755848648, 
   0.018781803806953833, 
   2.6613783197670245e-05, 
   6.962595806259185e-05, 
   0.8052196349502954, 
   3.978626175005249e-05, 
   1.2634826366570722e-05
  ], 
  [
   8.140409733956609e-05, 
   0.6335680895938429, 
   0.00017267535799301897, 
   0.034374730194753136, 
   0.023725594188240808, 
   0.0340293794787671, 
   0.0005130924923221136, 
   0.0011470577352393405, 
   0.2703923430812684, 
   0.0017736226056711522, 
   0.00022201117456245297
  ], 
  [
   3.7844588494163826e-05, 
   0.27156736066433473, 
   4.8657328063924915e-05, 
   0.10008271745770868, 
   0.02402590732400915, 
   0.04462417620440403, 
   0.00017841020290105804, 
   0.0004325095827904437, 
   0.5580508955651549, 
   0.0007785172490227986, 
   0.00017300383311617747
  ]
 ], 
 "precision_perclass": [], 
 "mIoU_perclass": [
  0.8639924779137664, 
  0.7462417653525948, 
  7.688574298057193e-05, 
  0.8955448795043058, 
  0.22335137173058497, 
  0.5835470656195022, 
  6.037261980946401e-05, 
  0.0002690154175105341, 
  0.5267112738184061, 
  0.0017624449695555404, 
  0.00017247047790491487
 ], 
 "f1score": 0, 
 "mIoU": 0.34924818392426554, 
 "acc": 0.4195678863051233, 
 "loss": 0.5155608458317593, 
 "recall": 0, 
 "f1score_perclass": [], 
 "epoch": 4, 
 "acc_perclass": [], 
 "recall_perclass": []
}