{
 "precision": 0, 
 "conf_m": [
  [
   0.9555428850970914, 
   0.012398660384523972, 
   2.1623611186128088e-05, 
   7.488696514676394e-07, 
   0.0001291800148781678, 
   0.03141817096637978, 
   0.00046027400953329786, 
   1.5913480093687339e-06, 
   2.5555176856333196e-05, 
   3.744348257338197e-07, 
   9.360870643345493e-07
  ], 
  [
   0.0077250433709541485, 
   0.9566185374329181, 
   3.844047208153936e-05, 
   0.00010582994165658367, 
   0.006706065777681598, 
   0.013857349509789067, 
   0.003733403732956278, 
   0.001832532557961215, 
   0.006213797227797899, 
   0.0031241866568985834, 
   4.481331930493389e-05
  ], 
  [
   0.13574097335521515, 
   0.4517645813180097, 
   0.0015737572371175698, 
   0.027843150466271702, 
   0.07626706708441018, 
   0.1818243070896079, 
   0.05931027401985084, 
   0.019982385469456115, 
   0.024317035881985853, 
   0.01984281678481878, 
   0.0015336512932562656
  ], 
  [
   9.632970860014105e-05, 
   0.00023136064966269658, 
   1.0858260845310626e-05, 
   0.9810731547929759, 
   0.0119928992951096, 
   0.00043562545574810427, 
   1.7432987595682197e-05, 
   0.00012960181063990023, 
   0.005577709285506513, 
   0.0002184104303059041, 
   0.0002166173230103482
  ], 
  [
   0.0019134753443218744, 
   0.029575917766955995, 
   7.381150299551684e-05, 
   0.0899786825349682, 
   0.8482393320410462, 
   0.009349457046098799, 
   0.0002576372937891135, 
   0.003606922113047589, 
   0.011371892228175959, 
   0.004685975990172526, 
   0.0009468961384282016
  ], 
  [
   0.050283438861431655, 
   0.046817114070560856, 
   0.00017869994009822335, 
   0.0017617024947614323, 
   0.004054477860504427, 
   0.8797503454811455, 
   0.005846179891489245, 
   0.007417993429939407, 
   0.0036690243599477325, 
   0.00014740312663274503, 
   7.362048348874174e-05
  ], 
  [
   0.008388686565599126, 
   0.4256277063260645, 
   0.001231416168924487, 
   0.0010149773008056634, 
   0.002313610509518605, 
   0.0988722325064293, 
   0.4152453623603398, 
   0.014832111999720378, 
   0.01806794029513658, 
   0.012088312435555663, 
   0.0023176435319059124
  ], 
  [
   3.638424562164583e-05, 
   0.21262393383664874, 
   2.7987881247419867e-05, 
   0.0005303703496386064, 
   0.03597842134355824, 
   0.14629825285651313, 
   0.008010131613011565, 
   0.525434686780624, 
   0.06674409980478453, 
   0.004072236721499591, 
   0.00024349456685255285
  ], 
  [
   0.00029920344140411096, 
   0.03372181392019145, 
   2.2043739618272324e-05, 
   0.030672250722268504, 
   0.002640409884520375, 
   0.005587012688860411, 
   0.0026584212327450613, 
   0.010115925876043751, 
   0.9098333090045719, 
   0.00371544543005051, 
   0.0007341640597256307
  ], 
  [
   0.0008239081367095477, 
   0.4112609001319733, 
   0.0004810242115519814, 
   0.036503570679724213, 
   0.05742689048682117, 
   0.01862180396413286, 
   0.03555138941993414, 
   0.014736608409289934, 
   0.1055737138769318, 
   0.2986963010471527, 
   0.020323889635778334
  ], 
  [
   0.004465661442311331, 
   0.08308509085404424, 
   0.0004973860202090103, 
   0.14936718441667973, 
   0.02491795833851444, 
   0.013067195770056281, 
   0.050441430092935495, 
   0.026053295993339352, 
   0.2272243156887445, 
   0.22350473327674666, 
   0.19737574810641897
  ]
 ], 
 "precision_perclass": [], 
 "mIoU_perclass": [
  0.910818447464155, 
  0.8647166508740134, 
  0.0015646382192790224, 
  0.9598722203349334, 
  0.7260604131479016, 
  0.7679737803422779, 
  0.3367298771946081, 
  0.43050782938510346, 
  0.8175266619596139, 
  0.22034647789929576, 
  0.17640208930271215
 ], 
 "f1score": 0, 
 "mIoU": 0.5647744623748995, 
 "acc": 0.6335803108528547, 
 "loss": 0.24215915018555578, 
 "recall": 0, 
 "f1score_perclass": [], 
 "epoch": 16, 
 "acc_perclass": [], 
 "recall_perclass": []
}