{
 "precision": 0, 
 "conf_m": [
  [
   0.9608101533993955, 
   0.009316500116496035, 
   0.00034981573594182106, 
   9.922522881946223e-06, 
   2.7989003223603024e-05, 
   0.02904256921451156, 
   0.00038098743518416155, 
   9.360870643345493e-08, 
   5.89734850530766e-05, 
   1.8721741286690986e-07, 
   2.8082611930036478e-06
  ], 
  [
   0.00662423570748333, 
   0.9619331530359939, 
   0.0008023685839241946, 
   7.288096558669279e-05, 
   0.005093125263939264, 
   0.010830789448653122, 
   0.004489535276387333, 
   0.001882430595795453, 
   0.004200316486440514, 
   0.003965334694139604, 
   0.00010582994165658367
  ], 
  [
   0.13285174115944678, 
   0.41516550118793805, 
   0.03880009432917996, 
   0.015487311281481161, 
   0.08728497198198762, 
   0.17890780285201388, 
   0.06450319163101248, 
   0.020144413482655783, 
   0.02072996026303082, 
   0.020758836542610962, 
   0.005366175288642478
  ], 
  [
   6.405377728013516e-05, 
   7.511127226939643e-05, 
   0.00013841792150971665, 
   0.9849108526822893, 
   0.008747026430401537, 
   0.0004887213551109535, 
   2.7195460649264227e-05, 
   0.00011416116448372457, 
   0.00464046206382665, 
   0.00024336450683572347, 
   0.0005506333653436191
  ], 
  [
   0.00041053254999411266, 
   0.02104049615389347, 
   0.0019131238609742768, 
   0.062251918659723696, 
   0.8901189243906596, 
   0.005840598787030967, 
   5.272250213965488e-05, 
   0.004633604971380469, 
   0.006717549739287227, 
   0.005518640040631475, 
   0.0015018883442849686
  ], 
  [
   0.04648614621417204, 
   0.03042196212534228, 
   0.0015855971091473938, 
   0.001423761773196371, 
   0.002868766461232005, 
   0.9023283207621763, 
   0.00550467165750843, 
   0.0062843352800059414, 
   0.0027413089721964297, 
   9.810659143323514e-05, 
   0.0002570230535895499
  ], 
  [
   0.0063130243769316495, 
   0.27710090218710803, 
   0.011292462684460361, 
   0.000860378109292218, 
   0.0018054496887178887, 
   0.07177032206372444, 
   0.602943568606416, 
   0.009085055097807515, 
   0.011229278667059214, 
   0.00564757568302595, 
   0.0019519828354567195
  ], 
  [
   6.996970311854967e-06, 
   0.09349771548919318, 
   0.0010985243389612298, 
   0.00038763215527676514, 
   0.024912013098328425, 
   0.05870737970458791, 
   0.005007031955163414, 
   0.7788439605650753, 
   0.032873165919157, 
   0.004378704021158838, 
   0.00028687578278605366
  ], 
  [
   0.00034678565984843046, 
   0.020589928107837975, 
   0.00011828348087853443, 
   0.024367472365349713, 
   0.0018833956068977549, 
   0.004630798276394623, 
   0.0023890574876534896, 
   0.006542689449140388, 
   0.9348435445580593, 
   0.0031060166774331517, 
   0.001182028330506627
  ], 
  [
   0.00011100558728122648, 
   0.28855532395130556, 
   0.011532247123105197, 
   0.02322236885923258, 
   0.06526388494887576, 
   0.011347237810969819, 
   0.022462597284063298, 
   0.0163696239377382, 
   0.07366577451065037, 
   0.44709103691552476, 
   0.040378899071253256
  ], 
  [
   0.0020057631901906825, 
   0.0453540361253629, 
   0.008136586526245222, 
   0.10092611114415004, 
   0.020025193683197544, 
   0.00881238274935529, 
   0.027280541934507237, 
   0.0054279952640200685, 
   0.07175874615471949, 
   0.17173874258651542, 
   0.5385339006417361
  ]
 ], 
 "precision_perclass": [], 
 "mIoU_perclass": [
  0.9198206297477026, 
  0.896181829172032, 
  0.035952230179894934, 
  0.9696314711975776, 
  0.7853738820474159, 
  0.8071994589700063, 
  0.48983909210947374, 
  0.6564081879124974, 
  0.8694742179551834, 
  0.3303405764611106, 
  0.4345290286556825
 ], 
 "f1score": 0, 
 "mIoU": 0.6540682367644162, 
 "acc": 0.7310143190805913, 
 "loss": 0.18093165657825627, 
 "recall": 0, 
 "f1score_perclass": [], 
 "epoch": 32, 
 "acc_perclass": [], 
 "recall_perclass": []
}