{
 "precision": 0, 
 "conf_m": [
  [
   0.9606189108121519, 
   0.010070331029404647, 
   0.00021754663375134924, 
   2.9018698994371028e-06, 
   6.393474649404972e-05, 
   0.028584822640051966, 
   0.0003876336533409369, 
   1.8721741286690986e-07, 
   5.223365818986785e-05, 
   3.744348257338197e-07, 
   1.123304477201459e-06
  ], 
  [
   0.006702269187846384, 
   0.9623968793658665, 
   0.0004336925924261151, 
   4.7796354175458995e-05, 
   0.005357327238721908, 
   0.010714993458679102, 
   0.004282621130368183, 
   0.0017745667667271477, 
   0.004417332273271214, 
   0.003801132183766609, 
   7.138944815143024e-05
  ], 
  [
   0.1371510983413786, 
   0.4240192893547595, 
   0.019098450466752976, 
   0.01800275608046215, 
   0.0857930308703471, 
   0.18012381506988862, 
   0.06668976769033078, 
   0.02107807985574694, 
   0.02136042570053052, 
   0.021814424985040482, 
   0.004868861584762308
  ], 
  [
   0.0001105749498926128, 
   7.839863564458222e-05, 
   7.6804762492977e-05, 
   0.9843570813791784, 
   0.0093414913074143, 
   0.0005039627671231785, 
   3.2076697176055245e-05, 
   0.00011934125222644156, 
   0.0046099792398022, 
   0.0002644335175585051, 
   0.0005058554914907097
  ], 
  [
   0.0010344154919800287, 
   0.021722373848233004, 
   0.0009767722229740061, 
   0.06589961284109262, 
   0.8844846463286685, 
   0.006495060780257883, 
   5.096508540166638e-05, 
   0.004453996980758044, 
   0.007386071066418051, 
   0.006080661913440196, 
   0.0014154234407759347
  ], 
  [
   0.04718813536179927, 
   0.03163491634669864, 
   0.0009870658215770285, 
   0.0013828975400704616, 
   0.003169572621742172, 
   0.8994392843440366, 
   0.006410171172488901, 
   0.0065778442560293394, 
   0.0028984416781448674, 
   0.0001221062204119439, 
   0.0001895646370007469
  ], 
  [
   0.0065496283569870094, 
   0.2983508971458301, 
   0.007579393406546133, 
   0.0012475482584737162, 
   0.0018471242533867306, 
   0.07161437853141522, 
   0.585325982477862, 
   0.008508332896422575, 
   0.010616259264188509, 
   0.006424604662980484, 
   0.0019358507459074905
  ], 
  [
   8.39636437422596e-06, 
   0.10265954841553607, 
   0.0007164897599339486, 
   0.00032605881653244143, 
   0.024377444566502704, 
   0.07099405957220524, 
   0.0061293459931849505, 
   0.7566887537696178, 
   0.033914315101561024, 
   0.004034453081815574, 
   0.0001511345587360673
  ], 
  [
   0.00034302209454774985, 
   0.022032180096277377, 
   9.597091516735634e-05, 
   0.025128787860458825, 
   0.0019804418264367345, 
   0.0048576874988070845, 
   0.0023535724433899293, 
   0.00773708377992068, 
   0.9309038981665254, 
   0.003549042078541844, 
   0.001018313239927019
  ], 
  [
   0.0004267548133256041, 
   0.31651639799203224, 
   0.005609482343944645, 
   0.027119898368217866, 
   0.06511341070833898, 
   0.010212514029872838, 
   0.026927488683597074, 
   0.015410042305462708, 
   0.08161130776915772, 
   0.417603019351974, 
   0.03344968363407625
  ], 
  [
   0.0029735033816843007, 
   0.05618840117426352, 
   0.004562976098439181, 
   0.12083236469208021, 
   0.024361102250671743, 
   0.010407261835895052, 
   0.03327620602593976, 
   0.007509447631199079, 
   0.08791838544172745, 
   0.1971703060545935, 
   0.4548000454135062
  ]
 ], 
 "precision_perclass": [], 
 "mIoU_perclass": [
  0.9187040074727687, 
  0.8929974825090714, 
  0.01825631840368776, 
  0.9681564105959402, 
  0.7760962859588116, 
  0.8039536241143705, 
  0.47158724743166913, 
  0.6344397264308234, 
  0.8631600672611425, 
  0.3046153846153846, 
  0.3767010724760988
 ], 
 "f1score": 0, 
 "mIoU": 0.6389697842972516, 
 "acc": 0.7141560865341945, 
 "loss": 0.18965857887605067, 
 "recall": 0, 
 "f1score_perclass": [], 
 "epoch": 28, 
 "acc_perclass": [], 
 "recall_perclass": []
}