{
 "precision": 0, 
 "conf_m": [
  [
   0.9619618213146462, 
   0.008942533334294383, 
   0.0006860582094507912, 
   2.621043780136738e-06, 
   2.0968350241093906e-05, 
   0.027925910955466874, 
   0.0003592702152916, 
   0.0, 
   9.772748951652694e-05, 
   9.360870643345493e-08, 
   2.9954786058705578e-06
  ], 
  [
   0.006114950299588226, 
   0.9644077160535885, 
   0.001733956814739772, 
   5.776240249289512e-05, 
   0.004038825825949814, 
   0.009609982427890726, 
   0.0040710968395491305, 
   0.001882091614560166, 
   0.004016859841903219, 
   0.003941131433940116, 
   0.00012562644579734115
  ], 
  [
   0.12385517583247908, 
   0.38917364109030417, 
   0.09794994457358558, 
   0.015715113042613367, 
   0.07934559933520388, 
   0.16986471463016706, 
   0.06163160605054312, 
   0.019167432690194417, 
   0.018167992569170722, 
   0.019469029388031425, 
   0.005659750797707223
  ], 
  [
   2.898856794482011e-05, 
   4.5624618964699694e-05, 
   0.00019679352568725817, 
   0.986575453954997, 
   0.00763335737425337, 
   0.0004810508405688533, 
   2.226441558648555e-05, 
   6.310741509636955e-05, 
   0.0042192810835149685, 
   0.0001968931427592335, 
   0.00053718506062695
  ], 
  [
   0.00015957343980935542, 
   0.01746696495886766, 
   0.00484730684671987, 
   0.05318470274174585, 
   0.901801527898112, 
   0.00572109444884775, 
   5.4831402225241074e-05, 
   0.0034392645562434866, 
   0.0058711778382719675, 
   0.005849034387373313, 
   0.0016045214817834968
  ], 
  [
   0.044806496504972954, 
   0.025103774071384626, 
   0.00322600418177319, 
   0.0012395484048192552, 
   0.002336882791974135, 
   0.910417330845588, 
   0.004753061655371166, 
   0.0049268968058115425, 
   0.0028332534967297263, 
   9.178236487803486e-05, 
   0.00026496887669736567
  ], 
  [
   0.005242929103499453, 
   0.2454309217203798, 
   0.01762027481014547, 
   0.000934316853059518, 
   0.0012959445271214034, 
   0.06201712959041969, 
   0.6442954914842732, 
   0.0049915373746906334, 
   0.011668878107275706, 
   0.0042750037305457084, 
   0.002227572698589383
  ], 
  [
   1.259454656133894e-05, 
   0.06684765496539999, 
   0.002265618986978638, 
   0.0002896745709107956, 
   0.020298210874691257, 
   0.04972326982416614, 
   0.004759339206123749, 
   0.8216808122083138, 
   0.029009438912950693, 
   0.004808317998306734, 
   0.0003050679055968765
  ], 
  [
   0.0003029670067047916, 
   0.01881110585108056, 
   0.00018737178675531477, 
   0.02238380462579811, 
   0.0017761339958283567, 
   0.00526495902955931, 
   0.0022315253972107142, 
   0.003862224476777055, 
   0.9407485785148272, 
   0.0033557561177426027, 
   0.001075573197715946
  ], 
  [
   4.933581656943399e-06, 
   0.24487092516990022, 
   0.019196566227166766, 
   0.02259827077962924, 
   0.06356426606805876, 
   0.010693538241424818, 
   0.01497588711965169, 
   0.01707019253302416, 
   0.06487166520714877, 
   0.5121033091998964, 
   0.030050445872442245
  ], 
  [
   0.0020165759297604436, 
   0.03974763065844178, 
   0.012385993177161332, 
   0.0844853406283283, 
   0.017927522206663892, 
   0.008974573842901706, 
   0.02216070974822536, 
   0.0029518779025447784, 
   0.060556747960447, 
   0.16392653824736303, 
   0.5848664896981624
  ]
 ], 
 "precision_perclass": [], 
 "mIoU_perclass": [
  0.9230649696225413, 
  0.9060249481706055, 
  0.08487376735160261, 
  0.973072938134074, 
  0.8085619193695132, 
  0.8201006441811888, 
  0.5337323904449023, 
  0.7149393937549084, 
  0.879862670310689, 
  0.38005506797453104, 
  0.47990435716123536
 ], 
 "f1score": 0, 
 "mIoU": 0.6821993696796175, 
 "acc": 0.7569825887041809, 
 "loss": 0.162132651578097, 
 "recall": 0, 
 "f1score_perclass": [], 
 "epoch": 41, 
 "acc_perclass": [], 
 "recall_perclass": []
}