{
 "precision": 0, 
 "conf_m": [
  [
   0.9561605153421393, 
   0.01230514528679695, 
   3.1078090535907035e-05, 
   4.6804353216727466e-07, 
   0.00016025810541407483, 
   0.030849310857383672, 
   0.00046261422719413425, 
   1.5913480093687339e-06, 
   2.84570467557703e-05, 
   3.744348257338197e-07, 
   1.8721741286690986e-07
  ], 
  [
   0.008780563141390632, 
   0.9529984890250418, 
   4.291502438732701e-05, 
   0.0001325416629971948, 
   0.007057385929932986, 
   0.014825818899003864, 
   0.0033501515483408597, 
   0.0024387665991483843, 
   0.0073529775671032, 
   0.00298771281157206, 
   3.2677791081661324e-05
  ], 
  [
   0.13341964132452286, 
   0.45384688192328854, 
   0.0012930156300884417, 
   0.024517565601292375, 
   0.07961831975346075, 
   0.18203446223544115, 
   0.052806694163301776, 
   0.02210158354308742, 
   0.03242645773074153, 
   0.016573380241245272, 
   0.0013619978535298846
  ], 
  [
   6.639477847155534e-05, 
   0.0002488932543303541, 
   1.1705005957100904e-05, 
   0.9801135933471735, 
   0.012793272659895362, 
   0.00045704312622279954, 
   7.471280398149513e-06, 
   0.00011640254860316942, 
   0.005778836153824698, 
   0.00022234530464892952, 
   0.00018404254047441634
  ], 
  [
   0.0013556712716843258, 
   0.03133966120520125, 
   5.7291785658424966e-05, 
   0.10098608653168535, 
   0.8355166893080523, 
   0.009972285538041921, 
   0.0003384784637365843, 
   0.0033246809849266368, 
   0.012196472161640161, 
   0.00411551851702146, 
   0.0007971642323515817
  ], 
  [
   0.050152251700325064, 
   0.0478121257152457, 
   0.00013459251386708292, 
   0.0013050609055449197, 
   0.00434750035756204, 
   0.8778934552687456, 
   0.0058169911535421665, 
   0.008441058694984498, 
   0.0038511296528064487, 
   0.00018794304044813146, 
   5.789099692837181e-05
  ], 
  [
   0.010234466478190088, 
   0.44019095016663107, 
   0.0015648126862752216, 
   0.000949104601812978, 
   0.0019788696513721015, 
   0.10001761086442458, 
   0.3927518521655314, 
   0.01692793930032439, 
   0.021236551550764326, 
   0.012687888430468678, 
   0.0014599541042052324
  ], 
  [
   2.2390304997935894e-05, 
   0.20213967352136525, 
   5.877455061958172e-05, 
   0.0006675109677509638, 
   0.03605958619917576, 
   0.15837222482665006, 
   0.010291143934676285, 
   0.5258265171180879, 
   0.06265786914266122, 
   0.003434113029058418, 
   0.00047019640495665375
  ], 
  [
   0.00036157109495824725, 
   0.038272502020900157, 
   1.8549000410497443e-05, 
   0.0305553113718545, 
   0.0036640996463055096, 
   0.005192375984474755, 
   0.0027320795822012396, 
   0.010031514482871342, 
   0.9046465783680482, 
   0.004033197871865118, 
   0.0004922205761104467
  ], 
  [
   0.0007647051568262269, 
   0.43548971964922234, 
   0.0005772290538623777, 
   0.03486068798796206, 
   0.05627243237909641, 
   0.015989738150153556, 
   0.03640983262824229, 
   0.021184799634914958, 
   0.10750521109562515, 
   0.27147279746413905, 
   0.019472846799955597
  ], 
  [
   0.005163083144560922, 
   0.10840852692642472, 
   0.0004973860202090103, 
   0.16441311152800228, 
   0.026561494753118125, 
   0.008363654057210205, 
   0.05254991430903891, 
   0.023193326377137544, 
   0.24527077803067573, 
   0.21259467905085772, 
   0.1529840458027648
  ]
 ], 
 "precision_perclass": [], 
 "mIoU_perclass": [
  0.9103654014017989, 
  0.8589923280527715, 
  0.001285193329113137, 
  0.9576010810909192, 
  0.7089989256670141, 
  0.7645545065100169, 
  0.3210055872060124, 
  0.42172195865979345, 
  0.8064467349702517, 
  0.2025457403204997, 
  0.13886939494618855
 ], 
 "f1score": 0, 
 "mIoU": 0.5538533501958527, 
 "acc": 0.6228779589854375, 
 "loss": 0.2536708874176244, 
 "recall": 0, 
 "f1score_perclass": [], 
 "epoch": 15, 
 "acc_perclass": [], 
 "recall_perclass": []
}