{
 "precision": 0, 
 "conf_m": [
  [
   0.9484639138904742, 
   0.017245625594941836, 
   2.621043780136738e-06, 
   2.808261193003648e-07, 
   6.0845659181745705e-05, 
   0.03421304611436344, 
   1.216913183634914e-06, 
   1.6849567158021887e-06, 
   1.0203349001246587e-05, 
   4.6804353216727466e-07, 
   9.360870643345493e-08
  ], 
  [
   0.012100274174802726, 
   0.9473179092803503, 
   3.3220161058120433e-06, 
   0.00018664306814899093, 
   0.007600569461356783, 
   0.020580025367999723, 
   0.00012121968973861089, 
   3.199982861108744e-05, 
   0.011496345206015507, 
   0.0005374886466709771, 
   2.4203260199487745e-05
  ], 
  [
   0.13110793472035728, 
   0.5327497116382637, 
   7.860764996815588e-05, 
   0.03023186048265097, 
   0.06929504980356109, 
   0.17529345519123316, 
   0.001366810566793241, 
   0.0007170942762401159, 
   0.053020057784643915, 
   0.005175270995862671, 
   0.0009641468904257487
  ], 
  [
   4.54751933567367e-05, 
   0.0005167137523360203, 
   7.471280398149513e-07, 
   0.9721646490889022, 
   0.01911502185598559, 
   0.000307517901187834, 
   1.643681687592893e-06, 
   2.739469479321488e-06, 
   0.007800763863707907, 
   3.2126505712042904e-05, 
   1.2601559604878846e-05
  ], 
  [
   0.0024948288012484688, 
   0.03877775180706376, 
   2.3900867636643546e-05, 
   0.15810423941639706, 
   0.7617034288957975, 
   0.012272041081373667, 
   6.221255252479276e-05, 
   6.396996926278125e-05, 
   0.025167613621385653, 
   0.0010277373083756724, 
   0.0003022756789340213
  ], 
  [
   0.055784705166179595, 
   0.08370389517221517, 
   1.0216058281477379e-05, 
   0.0006413414365594132, 
   0.010538431676137331, 
   0.8402151728897597, 
   0.0001710784363009307, 
   0.0001334573962802521, 
   0.008740405418597313, 
   5.8053156583633356e-05, 
   3.243193105230914e-06
  ], 
  [
   0.006834628605690057, 
   0.7690919918963137, 
   0.00015056616912613815, 
   0.0021912754971036177, 
   0.004175522511658795, 
   0.11718887584878317, 
   0.00348856436502079, 
   0.0009880904848902816, 
   0.09192064625150734, 
   0.0037130692779142284, 
   0.0002567690919918963
  ], 
  [
   0.00039043094340150713, 
   0.5287526501025056, 
   1.679272874845192e-05, 
   0.001057941911152471, 
   0.06366403347350597, 
   0.28330033095669577, 
   0.001476360735801398, 
   0.0014483728545539782, 
   0.11712368544420267, 
   0.002699431146313646, 
   6.996970311854966e-05
  ], 
  [
   0.0001432843075187701, 
   0.05653493381636006, 
   6.183000136832481e-06, 
   0.038444281894266935, 
   0.004216268441133941, 
   0.009661340952940111, 
   0.00012823004631604755, 
   0.0001083369154410213, 
   0.8901490560037335, 
   0.0005529752731071485, 
   5.510934904568081e-05
  ], 
  [
   0.00017514214882149068, 
   0.6098868976405146, 
   4.6869025740962294e-05, 
   0.04225119331006327, 
   0.053425755763040074, 
   0.02972482948308398, 
   0.008725039160304402, 
   0.0020918386225440015, 
   0.20163548231927675, 
   0.04935061731440483, 
   0.002686335212205681
  ], 
  [
   0.0018165402477198635, 
   0.2113458076305503, 
   0.00018381657268593858, 
   0.16069893548578937, 
   0.03474673860742727, 
   0.028934891088680685, 
   0.00583347299788611, 
   0.0033411365270561775, 
   0.5172706482778009, 
   0.03070277400833662, 
   0.005125238556066758
  ]
 ], 
 "precision_perclass": [], 
 "mIoU_perclass": [
  0.8965535640242386, 
  0.8053677682032501, 
  7.855434357425469e-05, 
  0.9408773948875707, 
  0.6118039075526105, 
  0.7069611993246124, 
  0.0034419869350399575, 
  0.0014391070028198154, 
  0.7302793404021025, 
  0.04621411972335285, 
  0.005026671049980381
 ], 
 "f1score": 0, 
 "mIoU": 0.4316403284953774, 
 "acc": 0.49268232098082104, 
 "loss": 0.34796204229141775, 
 "recall": 0, 
 "f1score_perclass": [], 
 "epoch": 7, 
 "acc_perclass": [], 
 "recall_perclass": []
}