{
 "precision": 0, 
 "conf_m": [
  [
   0.9548052484903958, 
   0.01268959624411915, 
   2.8269829342903387e-05, 
   2.808261193003648e-07, 
   0.00013985140741158166, 
   0.032073338302707526, 
   0.00023832776657957625, 
   2.1530002479694632e-06, 
   2.0593915415360086e-05, 
   1.8721741286690986e-06, 
   4.6804353216727466e-07
  ], 
  [
   0.008309514816835896, 
   0.9546948189226647, 
   3.627099217570292e-05, 
   0.00012325357715033255, 
   0.006792438196432711, 
   0.01578303411120713, 
   0.0029012048003268323, 
   0.0017012790236581106, 
   0.007103351785437895, 
   0.0025182238006996437, 
   3.660997341098987e-05
  ], 
  [
   0.13636502184169702, 
   0.4656235912787219, 
   0.0012176164556291901, 
   0.028544202364967297, 
   0.07616279163037079, 
   0.182541401365848, 
   0.04522025382249751, 
   0.015111919646939354, 
   0.03098103951398013, 
   0.016753054869743916, 
   0.0014791072096048924
  ], 
  [
   5.713039077784994e-05, 
   0.00023858288738090778, 
   4.9808535987663425e-06, 
   0.9795769561804424, 
   0.01318536545519025, 
   0.0004999282757081777, 
   5.080470670741669e-06, 
   9.329138790489359e-05, 
   0.005990871091524181, 
   0.00020471308290929667, 
   0.00014309992389255702
  ], 
  [
   0.0015155961948412789, 
   0.03196459859722996, 
   6.221255252479276e-05, 
   0.10173931534558721, 
   0.8342886064915459, 
   0.011132532068461926, 
   0.0003574585645068601, 
   0.0014428391418885552, 
   0.013006992761200457, 
   0.0035830212454109455, 
   0.0009068270368020639
  ], 
  [
   0.05143882640517017, 
   0.050873213527617894, 
   0.00011918734661723608, 
   0.0014647881659775421, 
   0.004837871155072954, 
   0.8764786122765886, 
   0.004166368022634893, 
   0.006069960215750178, 
   0.004298041662707268, 
   0.00017010547836936141, 
   8.302574349391139e-05
  ], 
  [
   0.009282673194785571, 
   0.49268342521902675, 
   0.001334930410198707, 
   0.0023485633702086013, 
   0.002844625123847396, 
   0.11463462833682189, 
   0.30855578812651324, 
   0.020610088739935927, 
   0.02722021243273255, 
   0.018882610817372646, 
   0.001602454228556756
  ], 
  [
   8.39636437422596e-06, 
   0.2541313611206348, 
   2.6588487185048875e-05, 
   0.00061993156963035, 
   0.04329305410757142, 
   0.2359896164960572, 
   0.015639628041058222, 
   0.35274246251373154, 
   0.09277142997082263, 
   0.004447274330215017, 
   0.00033025699871955445
  ], 
  [
   0.00034436622501227864, 
   0.033895744402301475, 
   2.9839696312539366e-05, 
   0.03245806245744147, 
   0.002904665933846737, 
   0.006354511184106356, 
   0.001897912215914666, 
   0.008807011629685606, 
   0.9089257521149221, 
   0.003828083562978023, 
   0.0005540505774787714
  ], 
  [
   0.0007178361310852646, 
   0.4586035497120022, 
   0.00041688765001171726, 
   0.03851400520492865, 
   0.05600601896962147, 
   0.02220358424707377, 
   0.04312197047251378, 
   0.01873774313307103, 
   0.1183689579042145, 
   0.2299567078209603, 
   0.013352738754517311
  ], 
  [
   0.0038060843285559046, 
   0.10721912557375099, 
   0.00028653759859866896, 
   0.16216406169749198, 
   0.02830775219363454, 
   0.013688928295317543, 
   0.046046051457827614, 
   0.023225764595846826, 
   0.28570501765179734, 
   0.2168008347434948, 
   0.1127498418636838
  ]
 ], 
 "precision_perclass": [], 
 "mIoU_perclass": [
  0.9089098717158046, 
  0.8552446092709505, 
  0.0012114092727873425, 
  0.9563949696943937, 
  0.7063096229628247, 
  0.7520810455653804, 
  0.258345039350226, 
  0.2956719208563727, 
  0.8020912162370538, 
  0.17266025819118, 
  0.10360107500707895
 ], 
 "f1score": 0, 
 "mIoU": 0.5284110034658229, 
 "acc": 0.5921811282960979, 
 "loss": 0.2635174008639534, 
 "recall": 0, 
 "f1score_perclass": [], 
 "epoch": 13, 
 "acc_perclass": [], 
 "recall_perclass": []
}