{
 "precision": 0, 
 "conf_m": [
  [
   0.9620389548887475, 
   0.009069747566337449, 
   0.0005779401535201507, 
   1.9657828351025536e-06, 
   1.3198827607117145e-05, 
   0.02784830933783354, 
   0.0003545897799699273, 
   0.0, 
   9.32342716077211e-05, 
   1.8721741286690986e-07, 
   1.8721741286690986e-06
  ], 
  [
   0.00633189829017187, 
   0.9636913809071802, 
   0.001515585102967923, 
   5.898273493992812e-05, 
   0.004391027329412948, 
   0.009905641861307997, 
   0.004234621387451552, 
   0.0019309727086885434, 
   0.003874419926835646, 
   0.003964453342927859, 
   0.00010101640811550908
  ], 
  [
   0.1248000718698514, 
   0.39667184835461355, 
   0.0801830114430279, 
   0.01755036103370664, 
   0.08048781661637382, 
   0.1720063720323607, 
   0.062194693502355826, 
   0.01870220374140329, 
   0.01845675536497211, 
   0.021637958832050747, 
   0.007308907209284045
  ], 
  [
   4.6122704324576326e-05, 
   6.211124437661629e-05, 
   0.00017746781372404477, 
   0.9861221464689732, 
   0.008000695327162388, 
   0.00038935332581556495, 
   2.2812309482349847e-05, 
   8.332968070736091e-05, 
   0.004286871266850228, 
   0.00024187025075609358, 
   0.0005672196078275111
  ], 
  [
   0.0003479685141217222, 
   0.01755905359593826, 
   0.004187221119931391, 
   0.056148410328689655, 
   0.8987077714725571, 
   0.005393863452234292, 
   4.955915201127559e-05, 
   0.004048385197630299, 
   0.00601282562735384, 
   0.005952019008219438, 
   0.0015929225313127727
  ], 
  [
   0.04441731333234524, 
   0.026686452306737312, 
   0.002782984003598647, 
   0.001283169352084611, 
   0.0025287176641485432, 
   0.9089353537561528, 
   0.004869654447504217, 
   0.00520046014423777, 
   0.002992494278196564, 
   0.00012502509420665172, 
   0.00017837562078770026
  ], 
  [
   0.00541097170297059, 
   0.2539984056118162, 
   0.01568173538264644, 
   0.000904741355552598, 
   0.0014626427857967706, 
   0.06486847641824593, 
   0.6335555528668739, 
   0.006018613742658219, 
   0.0115169675973538, 
   0.004465900123544919, 
   0.0021159924125405487
  ], 
  [
   6.996970311854967e-06, 
   0.07474583505342187, 
   0.0019983347210657783, 
   0.00030926608778398954, 
   0.019055548947305816, 
   0.05964777251450122, 
   0.003876321552767652, 
   0.8039700809549465, 
   0.030898620897151532, 
   0.005365276835130389, 
   0.0001259454656133894
  ], 
  [
   0.00031667713744298534, 
   0.0184769550175987, 
   0.00016048917746473875, 
   0.02266660967553497, 
   0.0016298926012876232, 
   0.004464932577071768, 
   0.0021621682652410283, 
   0.00414341656995648, 
   0.9414437627910816, 
   0.0032888184206090686, 
   0.0012462777667111035
  ], 
  [
   0.0001406070772228869, 
   0.2558160760758291, 
   0.014963553165509331, 
   0.019815730725113164, 
   0.06438570741393984, 
   0.007957867212649704, 
   0.0142950528509935, 
   0.019467913218298653, 
   0.06331758698521159, 
   0.5078308274849834, 
   0.03200907779024877
  ], 
  [
   0.0018651975757837886, 
   0.03972059880951737, 
   0.01079111409062157, 
   0.09216238572285868, 
   0.01938183567879676, 
   0.007763547011088464, 
   0.02605870236312423, 
   0.005746971081328021, 
   0.06996383138613915, 
   0.16488887206907177, 
   0.5616569442116702
  ]
 ], 
 "precision_perclass": [], 
 "mIoU_perclass": [
  0.9229343838215334, 
  0.9035339243696122, 
  0.07076916977691187, 
  0.972091352034025, 
  0.8023300802706629, 
  0.8179294631366959, 
  0.5230971414110246, 
  0.6931522451230091, 
  0.879822681583053, 
  0.37443911524351536, 
  0.4569940482736474
 ], 
 "f1score": 0, 
 "mIoU": 0.6742812368221537, 
 "acc": 0.7498305261132903, 
 "loss": 0.16600623898898387, 
 "recall": 0, 
 "f1score_perclass": [], 
 "epoch": 39, 
 "acc_perclass": [], 
 "recall_perclass": []
}