{
 "precision": 0, 
 "conf_m": [
  [
   0.9593858969310105, 
   0.01012350077465885, 
   0.00017326971560832508, 
   1.1326653478448047e-05, 
   3.472883008681178e-05, 
   0.029708407943372723, 
   0.0005075464062821927, 
   2.808261193003648e-07, 
   5.354418007993622e-05, 
   1.8721741286690986e-07, 
   1.310521890068369e-06
  ], 
  [
   0.00680233644850309, 
   0.9609988529552961, 
   0.00037755729986259736, 
   7.240639185729107e-05, 
   0.005520106027906698, 
   0.011370176390241706, 
   0.004128791445794968, 
   0.0022025644744004423, 
   0.004439976219788382, 
   0.0040072327748210705, 
   7.99995715277186e-05
  ], 
  [
   0.1378521502400742, 
   0.42870526783551427, 
   0.015856285965005157, 
   0.019424110730906764, 
   0.08310593263163973, 
   0.1791821275080252, 
   0.06922767181787409, 
   0.020274356740766407, 
   0.02046846950905512, 
   0.0216427715453141, 
   0.004260855475824939
  ], 
  [
   0.00012138340220193576, 
   8.318025509939792e-05, 
   6.968214184674113e-05, 
   0.984043935113424, 
   0.009593821350727802, 
   0.0004786102223054578, 
   2.475484238586872e-05, 
   0.00013298879108706134, 
   0.004681305063336534, 
   0.00030263666466104295, 
   0.0004677021529241595
  ], 
  [
   0.001312087336582211, 
   0.02305801056910426, 
   0.0007043726285857892, 
   0.06935504563132561, 
   0.8795761813794667, 
   0.006583986067200101, 
   4.39354184497124e-05, 
   0.004782985394109491, 
   0.007228255043346684, 
   0.0061463892994409654, 
   0.0012087512323884875
  ], 
  [
   0.04741142920709442, 
   0.03320543260790671, 
   0.0008870133142806549, 
   0.0016815956250622287, 
   0.002924711542297238, 
   0.8980821701891527, 
   0.006120067549225996, 
   0.00631774016898982, 
   0.0030315747551145967, 
   0.00014821392490905276, 
   0.00019005111596653154
  ], 
  [
   0.005415004725357897, 
   0.3048292754406413, 
   0.006411161255022793, 
   0.0011144585196925761, 
   0.0019035865668090323, 
   0.07020416503665346, 
   0.5783219669319051, 
   0.010676754599998117, 
   0.012745695084686749, 
   0.007071232585745417, 
   0.0013066992534875562
  ], 
  [
   5.877455061958172e-05, 
   0.10674997725984649, 
   0.0008284412849236281, 
   0.0005821479299463332, 
   0.02646953868974734, 
   0.07842764083151996, 
   0.005895647184768995, 
   0.741130290584177, 
   0.03515697702894647, 
   0.004508847668959341, 
   0.0001917169865448261
  ], 
  [
   0.0003704423560241374, 
   0.022091859488902455, 
   0.00011720817650691139, 
   0.02604871075038234, 
   0.0022153958316363685, 
   0.004669778059865958, 
   0.002428037271124825, 
   0.00768573799617568, 
   0.9292737367391448, 
   0.004095565525419255, 
   0.0010035278048172022
  ], 
  [
   0.00024174550119022658, 
   0.31105985667945285, 
   0.005150659249848909, 
   0.02478878103531211, 
   0.06533295509207297, 
   0.01085387964527548, 
   0.024897319831764866, 
   0.0139028331092665, 
   0.07458835428049879, 
   0.44048250428604907, 
   0.028701111289268225
  ], 
  [
   0.0024815237312601707, 
   0.05911324722788389, 
   0.005152270404991161, 
   0.117945363226954, 
   0.020138727448680036, 
   0.010142349716435906, 
   0.037931090410721915, 
   0.006968810652711024, 
   0.09848243200138403, 
   0.2017386885228176, 
   0.4399054966561603
  ]
 ], 
 "precision_perclass": [], 
 "mIoU_perclass": [
  0.9172435482193624, 
  0.8903916557462663, 
  0.015241796200345423, 
  0.9671358882342932, 
  0.7704375523765483, 
  0.7998885869989086, 
  0.4665577066778302, 
  0.6169574531784595, 
  0.8609671579160254, 
  0.31688891097332006, 
  0.3710435714448574
 ], 
 "f1score": 0, 
 "mIoU": 0.6357048934514743, 
 "acc": 0.7115506652482537, 
 "loss": 0.19428385993115585, 
 "recall": 0, 
 "f1score_perclass": [], 
 "epoch": 27, 
 "acc_perclass": [], 
 "recall_perclass": []
}